dt_abertura,n_processos,n_protocolo,assunto,aditivo,tipo_requerimento,competencia,unidade,status
2012-10-10 16:40:29,2012-0.292.377-8,275-12,Alvará de Aprovação de Edificação Nova,Inicial,Inicial,SMUL,RESID,Processo Físico
2012-10-17 10:08:35,2012-0.297.052-0,836-12,Alvará de Aprovação de Edificação Nova,Inicial,Inicial,SMUL,RESID,Processo Físico
2012-10-17 10:08:35,2012-0.297.053-9,278-12,Alvará de Aprovação de Reforma,Inicial,Inicial,SMUL,RESID,Indeferido
2012-10-17 10:09:00,2012-0.297.054-7,674-12,Alvará de Aprovação de Reforma,Inicial,Inicial,SMUL,RESID,Processo Físico
2012-10-17 10:16:58,2012-0.297.093-8,635-12,Alvará de Aprovação de Edificação Nova,Inicial,Inicial,SMUL,RESID,Processo Físico
2012-10-17 10:22:34,2012-0.297.118-7,347-12,Alvará de Aprovação de Reforma,Inicial,Inicial,SMUL,RESID,Processo Físico
2012-10-17 12:29:18,2012-0.297.508-5,1156-12,Alvará de Aprovação de Reforma,Inicial,Inicial,SMUL,RESID,Processo Físico
2012-10-18 12:00:46,2012-0.299.000-9,822-12,Alvará de Aprovação de Edificação Nova,Inicial,Inicial,SMUL,RESID,Processo Físico
2012-10-23 12:06:50,2012-0.303.350-4,1691-12,Alvará de Aprovação de Edificação Nova,Inicial,Inicial,SMUL,RESID,Processo Físico
2012-10-23 12:10:14,2012-0.303.369-5,1420-12,Alvará de Aprovação de Edificação Nova,Inicial,Inicial,SMUL,RESID,Processo Físico
2012-10-24 10:42:08,2012-0.304.606-1,187-12,Alvará de Aprovação de Edificação Nova,Inicial,Inicial,SMUL,RESID,Processo Físico
2012-10-24 12:02:51,2012-0.304.837-4,2005-12,Alvará de Aprovação de Edificação Nova,Inicial,Inicial,SMUL,RESID,Processo Físico
2012-10-25 12:03:18,2012-0.306.166-4,1228-12,Alvará de Aprovação de Edificação Nova,Inicial,Inicial,SMUL,RESID,Processo Físico
2012-10-25 12:03:56,2012-0.306.169-9,2161-12,Alvará de Execução de Edificação Nova,Inicial,Inicial,SMUL,RESID,Indeferido
2012-10-25 12:05:10,2012-0.306.175-3,1839-12,Alvará de Aprovação de Edificação Nova,Inicial,Inicial,SMUL,RESID,Processo Físico
2012-10-26 12:00:54,2012-0.307.515-0,1892-12,Alvará de Execução de Reforma,Inicial,Inicial,SMUL,RESID,Indeferido
2012-10-26 12:03:07,2012-0.307.528-2,2153-12,Alvará de Aprovação de Edificação Nova,Inicial,Inicial,SMUL,RESID,Processo Físico
2012-10-26 12:20:38,2012-0.307.571-1,1574-12,Alvará de Aprovação de Edificação Nova,Inicial,Inicial,SMUL,RESID,Processo Físico
2012-10-29 15:45:41,2012-0.309.307-8,1067-12,Alvará de Aprovação de Edificação Nova,Inicial,Inicial,SMUL,RESID,Processo Físico
2012-10-30 09:53:04,2012-0.309.668-9,2019-12,Alvará de Aprovação de Edificação Nova,Inicial,Inicial,SMUL,RESID,Processo Físico
2012-11-05 11:28:22,2012-0.314.165-0,1819-12,Alvará de Aprovação de Edificação Nova,Inicial,Inicial,SMUL,RESID,Processo Físico
2012-11-05 11:35:55,2012-0.314.196-0,1071-12,Alvará de Aprovação de Edificação Nova,Inicial,Inicial,SMUL,RESID,Processo Físico
2012-11-05 11:37:05,2012-0.314.200-1,1604-12,Alvará de Aprovação de Edificação Nova,Inicial,Inicial,SMUL,RESID,Processo Físico
2012-11-05 12:32:41,2012-0.314.398-9,1715-12,Alvará de Aprovação de Edificação Nova,Inicial,Inicial,SMUL,RESID,Processo Físico
2012-11-05 14:30:14,2012-0.314.698-8,2339-12,Alvará de Aprovação de Reforma,Inicial,Inicial,SMUL,RESID,Indeferido
2012-11-05 14:33:32,2012-0.314.712-7,2194-12,Alvará de Execução de Edificação Nova,Inicial,Inicial,SMUL,RESID,Indeferido
2012-11-05 16:41:39,2012-0.315.248-1,2398-12,Alvará de Execução de Edificação Nova,Inicial,Inicial,SMUL,RESID,Indeferido
2012-11-05 16:41:54,2012-0.315.251-1,2616-12,Alvará de Aprovação de Edificação Nova,Inicial,Inicial,SMUL,RESID,Processo Físico
2012-11-05 16:57:50,2012-0.315.290-2,2489-12,Alvará de Aprovação de Reforma,Inicial,Inicial,SMUL,RESID,Indeferido
2012-11-05 16:58:53,2012-0.315.293-7,2215-12,Alvará de Aprovação de Edificação Nova,Inicial,Inicial,SMUL,RESID,Processo Físico
2012-11-07 12:13:20,2012-0.317.420-5,2434-12,Alvará de Aprovação de Edificação Nova,Inicial,Inicial,SMUL,RESID,Processo Físico
2012-11-07 12:13:45,2012-0.317.423-0,2966-12,Alvará de Aprovação de Edificação Nova,Inicial,Inicial,SMUL,RESID,Processo Físico
2012-11-07 12:14:02,2012-0.317.425-6,2975-12,Alvará de Aprovação de Edificação Nova,Inicial,Inicial,SMUL,RESID,Processo Físico
2012-11-07 12:16:03,2012-0.317.434-5,2872-12,Alvará de Aprovação de Edificação Nova,Inicial,Inicial,SMUL,RESID,Processo Físico
2012-11-07 12:20:09,2012-0.317.451-5,2671-12,Alvará de Aprovação de Edificação Nova,Inicial,Inicial,SMUL,RESID,Processo Físico
2012-11-22 17:43:47,2012-0.327.618-0,3336-12,Alvará de Aprovação de Edificação Nova,Inicial,Inicial,SMUL,RESID,Processo Físico
2012-11-22 17:46:05,2012-0.327.632-6,2563-12,Alvará de Aprovação de Edificação Nova,Inicial,Inicial,SMUL,RESID,Processo Físico
2012-11-22 17:59:56,2012-0.327.735-7,2890-12,Alvará de Aprovação de Edificação Nova,Inicial,Inicial,SMUL,RESID,Processo Físico
2012-11-22 18:06:14,2012-0.327.785-3,3100-12,Alvará de Aprovação de Edificação Nova,Inicial,Inicial,SMUL,RESID,Indeferido
2012-11-22 18:10:07,2012-0.327.812-4,3054-12,Alvará de Execução de Edificação Nova,Inicial,Inicial,SMUL,RESID,Indeferido
2012-11-22 18:10:57,2012-0.327.819-1,2953-12,Alvará de Aprovação de Edificação Nova,Inicial,Inicial,SMUL,RESID,Processo Físico
2012-11-22 18:12:55,2012-0.327.833-7,3738-12,Alvará de Execução de Edificação Nova,Inicial,Inicial,SMUL,RESID,Indeferido
2012-11-22 18:16:09,2012-0.327.858-2,1183-12,Alvará de Aprovação de Reforma,Inicial,Inicial,SMUL,RESID,Indeferido
2012-11-22 18:17:14,2012-0.327.867-1,1744-12,Alvará de Aprovação de Edificação Nova,Inicial,Inicial,SMUL,RESID,Processo Físico
2012-11-22 18:22:17,2012-0.327.910-4,3173-12,Alvará de Aprovação de Edificação Nova,Inicial,Inicial,SMUL,RESID,Processo Físico
2012-11-22 18:31:21,2012-0.327.966-0,3066-12,Alvará de Aprovação de Edificação Nova,Inicial,Inicial,SMUL,RESID,Processo Físico
2012-11-22 18:39:04,2012-0.328.002-1,2724-12,Alvará de Aprovação de Edificação Nova,Inicial,Inicial,SMUL,RESID,Processo Físico
2012-11-22 18:40:05,2012-0.328.006-4,3101-12,Alvará de Execução de Edificação Nova,Inicial,Inicial,SMUL,RESID,Indeferido
2012-11-22 18:41:55,2012-0.328.019-6,3700-12,Alvará de Aprovação de Edificação Nova,Inicial,Inicial,SMUL,RESID,Indeferido
2012-11-22 18:42:17,2012-0.328.020-0,2698-12,Alvará de Execução de Edificação Nova,Inicial,Inicial,SMUL,RESID,Indeferido
2012-11-23 12:00:41,2012-0.328.449-3,3044-12,Alvará de Aprovação de Edificação Nova,Inicial,Inicial,SMUL,RESID,Processo Físico
2012-11-23 12:02:13,2012-0.328.471-0,3437-12,Alvará de Aprovação de Edificação Nova,Inicial,Inicial,SMUL,RESID,Processo Físico
2012-11-23 12:03:21,2012-0.328.487-6,3754-12,Alvará de Aprovação de Edificação Nova,Inicial,Inicial,SMUL,RESID,Indeferido
2012-11-23 12:03:32,2012-0.328.489-2,3764-12,Alvará de Aprovação de Edificação Nova,Inicial,Inicial,SMUL,RESID,Processo Físico
2012-11-23 12:06:27,2012-0.328.507-4,3965-12,Alvará de Execução de Edificação Nova,Inicial,Inicial,SMUL,RESID,Indeferido
2012-11-24 12:01:51,2012-0.329.335-2,3218-12,Alvará de Aprovação de Reforma,Inicial,Inicial,SMUL,RESID,Processo Físico
2012-11-27 12:02:56,2012-0.331.250-0,4233-12,Alvará de Aprovação de Edificação Nova,Inicial,Inicial,SMUL,RESID,Processo Físico
2012-11-27 12:03:39,2012-0.331.257-8,3870-12,Alvará de Aprovação de Edificação Nova,Inicial,Inicial,SMUL,RESID,Processo Físico
2012-11-28 13:05:54,2012-0.332.743-5,1646-12,Alvará de Aprovação de Edificação Nova,Inicial,Inicial,SMUL,RESID,Processo Físico
2012-11-28 13:06:23,2012-0.332.747-8,4355-12,Alvará de Execução de Edificação Nova,Inicial,Inicial,SMUL,RESID,Processo Físico
2012-11-28 13:42:20,2012-0.332.898-9,4223-12,Alvará de Aprovação de Edificação Nova,Inicial,Inicial,SMUL,RESID,Processo Físico
2012-11-29 12:05:13,2012-0.334.232-9,4358-12,Alvará de Execução de Edificação Nova,Inicial,Inicial,SMUL,RESID,Indeferido
2012-11-29 12:07:23,2012-0.334.251-5,4230-12,Alvará de Aprovação de Edificação Nova,Inicial,Inicial,SMUL,RESID,Processo Físico
2012-12-04 12:06:32,2012-0.338.011-5,4160-12,Alvará de Aprovação de Edificação Nova,Inicial,Inicial,SMUL,RESID,Processo Físico
2012-12-04 12:06:46,2012-0.338.013-1,3868-12,Alvará de Aprovação de Edificação Nova,Inicial,Inicial,SMUL,RESID,Processo Físico
2012-12-04 12:09:06,2012-0.338.043-3,3964-12,Alvará de Aprovação de Edificação Nova,Inicial,Inicial,SMUL,RESID,Indeferido
2012-12-04 12:09:42,2012-0.338.049-2,4728-12,Alvará de Aprovação de Edificação Nova,Inicial,Inicial,SMUL,RESID,Processo Físico
2012-12-04 12:10:55,2012-0.338.064-6,4652-12,Alvará de Execução de Reforma,Inicial,Inicial,SMUL,RESID,Indeferido
2012-12-04 12:11:39,2012-0.338.070-0,4342-12,Alvará de Aprovação de Edificação Nova,Inicial,Inicial,SMUL,RESID,Processo Físico
2012-12-04 12:12:40,2012-0.338.076-0,4564-12,Alvará de Aprovação de Reforma,Inicial,Inicial,SMUL,RESID,Processo Físico
2012-12-04 17:33:48,2012-0.338.959-7,4915-12,Alvará de Aprovação de Edificação Nova,Inicial,Inicial,SMUL,RESID,Processo Físico
2012-12-05 12:02:15,2012-0.339.610-0,4043-12,Alvará de Aprovação de Edificação Nova,Inicial,Inicial,SMUL,RESID,Processo Físico
2012-12-05 14:46:19,2012-0.340.020-5,3059-12,Alvará de Aprovação de Edificação Nova,Inicial,Inicial,SMUL,RESID,Processo Físico
2012-12-06 12:03:36,2012-0.340.951-2,4661-12,Alvará de Aprovação de Edificação Nova,Inicial,Inicial,SMUL,RESID,Processo Físico
2012-12-06 12:08:32,2012-0.340.982-2,4447-12,Alvará de Aprovação de Edificação Nova,Inicial,Inicial,SMUL,RESID,Indeferido
2012-12-06 12:13:43,2012-0.341.009-0,4744-12,Alvará de Execução de Edificação Nova,Inicial,Inicial,SMUL,RESID,Processo Físico
2012-12-07 12:16:10,2012-0.342.475-9,5146-12,Alvará de Execução de Edificação Nova,Inicial,Inicial,SMUL,RESID,Indeferido
2012-12-08 12:01:18,2012-0.343.236-0,4870-12,Alvará de Aprovação de Edificação Nova,Inicial,Inicial,SMUL,RESID,Processo Físico
2012-12-08 12:04:20,2012-0.343.263-8,5081-12,Alvará de Aprovação de Edificação Nova,Inicial,Inicial,SMUL,RESID,Processo Físico
2012-12-11 12:00:55,2012-0.344.936-0,3264-12,Alvará de Aprovação de Edificação Nova,Inicial,Inicial,SMUL,RESID,Indeferido
2012-12-11 12:01:23,2012-0.344.938-7,4365-12,Alvará de Aprovação de Edificação Nova,Inicial,Inicial,SMUL,RESID,Processo Físico
2012-12-11 12:04:28,2012-0.344.972-7,4528-12,Alvará de Aprovação de Edificação Nova,Inicial,Inicial,SMUL,RESID,Processo Físico
2012-12-13 12:06:16,2012-0.347.751-8,5457-12,Alvará de Aprovação de Edificação Nova,Inicial,Inicial,SMUL,RESID,Processo Físico
2012-12-13 12:07:21,2012-0.347.762-3,5628-12,Alvará de Execução de Edificação Nova,Inicial,Inicial,SMUL,RESID,Indeferido
2012-12-13 12:09:03,2012-0.347.767-4,5087-12,Alvará de Execução de Edificação Nova,Inicial,Inicial,SMUL,RESID,Indeferido
2012-12-17 11:28:59,2012-0.350.327-6,6114-12,Alvará de Execução de Edificação Nova,Inicial,Inicial,SMUL,RESID,Indeferido
2012-12-18 12:09:20,2012-0.351.740-4,5590-12,Alvará de Execução de Edificação Nova,Inicial,Inicial,SMUL,RESID,Indeferido
2012-12-18 12:30:57,2012-0.351.836-2,5653-12,Alvará de Aprovação de Edificação Nova,Inicial,Inicial,SMUL,RESID,Processo Físico
2012-12-18 22:06:02,2012-0.352.566-0,5542-12,Alvará de Execução de Edificação Nova,Inicial,Inicial,SMUL,RESID,Indeferido
2012-12-19 12:14:15,2012-0.353.054-0,5998-12,Alvará de Aprovação de Edificação Nova,Inicial,Inicial,SMUL,RESID,Processo Físico
2012-12-19 12:14:47,2012-0.353.058-3,4945-12,Alvará de Aprovação de Edificação Nova,Inicial,Inicial,SMUL,RESID,Processo Físico
2012-12-19 12:15:03,2012-0.353.060-5,4374-12,Alvará de Aprovação de Edificação Nova,Inicial,Inicial,SMUL,RESID,Processo Físico
2012-12-19 12:15:51,2012-0.353.063-0,5613-12,Alvará de Aprovação de Edificação Nova,Inicial,Inicial,SMUL,RESID,Indeferido
2012-12-19 12:20:45,2012-0.353.084-2,5291-12,Alvará de Aprovação de Edificação Nova,Inicial,Inicial,SMUL,RESID,Processo Físico
2012-12-19 12:23:10,2012-0.353.097-4,5961-12,Alvará de Aprovação de Edificação Nova,Inicial,Inicial,SMUL,RESID,Processo Físico
2012-12-21 12:10:09,2012-0.355.966-2,6088-12,Alvará de Aprovação de Edificação Nova,Inicial,Inicial,SMUL,RESID,Processo Físico
2012-12-22 12:01:16,2012-0.356.506-9,6297-12,Alvará de Aprovação de Edificação Nova,Inicial,Inicial,SMUL,RESID,Indeferido
2012-12-22 12:01:45,2012-0.356.511-5,5123-12,Alvará de Aprovação de Edificação Nova,Inicial,Inicial,SMUL,RESID,Processo Físico
2012-12-27 12:01:12,2012-0.357.811-0,5180-12,Alvará de Aprovação de Edificação Nova,Inicial,Inicial,SMUL,RESID,Processo Físico
2012-12-27 12:04:54,2012-0.357.852-7,4936-12,Alvará de Aprovação de Edificação Nova,Inicial,Inicial,SMUL,RESID,Processo Físico
2012-12-27 12:05:38,2012-0.357.857-8,6181-12,Alvará de Aprovação de Edificação Nova,Inicial,Inicial,SMUL,RESID,Indeferido
2012-12-27 12:05:38,2012-0.357.857-8,39570-16,Alvará de Aprovação de Edificação Nova,Inicial,Reconsideração,SMUL,RESID,Em Análise
2012-12-27 12:05:55,2012-0.357.860-8,6567-12,Alvará de Aprovação de Edificação Nova,Inicial,Inicial,SMUL,RESID,Processo Físico
2012-12-27 12:06:37,2012-0.357.866-7,5731-12,Alvará de Aprovação de Edificação Nova,Inicial,Inicial,SMUL,RESID,Processo Físico
2012-12-27 12:06:49,2012-0.357.868-3,5839-12,Alvará de Aprovação de Edificação Nova,Inicial,Inicial,SMUL,RESID,Indeferido
2012-12-28 12:00:45,2012-0.358.858-1,4854-12,Alvará de Aprovação de Edificação Nova,Inicial,Inicial,SMUL,RESID,Processo Físico
2012-12-28 12:00:48,2012-0.358.859-0,5977-12,Alvará de Aprovação de Edificação Nova,Inicial,Inicial,SMUL,RESID,Processo Físico
2012-12-28 12:03:38,2012-0.358.890-5,6682-12,Alvará de Aprovação de Edificação Nova,Inicial,Inicial,SMUL,RESID,Processo Físico
2012-12-28 12:03:53,2012-0.358.892-1,6693-12,Alvará de Aprovação de Edificação Nova,Inicial,Inicial,SMUL,RESID,Processo Físico
2012-12-28 12:04:04,2012-0.358.894-8,6639-12,Alvará de Aprovação de Reforma,Inicial,Inicial,SMUL,RESID,Processo Físico
2012-12-28 12:04:27,2012-0.358.900-6,6485-12,Alvará de Aprovação de Edificação Nova,Inicial,Inicial,SMUL,RESID,Processo Físico
2012-12-28 12:04:33,2012-0.358.901-4,6716-12,Alvará de Aprovação de Edificação Nova,Inicial,Inicial,SMUL,RESID,Indeferido
2012-12-28 12:05:23,2012-0.358.911-1,6743-12,Alvará de Aprovação de Edificação Nova,Inicial,Inicial,SMUL,RESID,Processo Físico
2012-12-28 12:05:49,2012-0.358.916-2,6442-12,Alvará de Aprovação de Edificação Nova,Inicial,Inicial,SMUL,RESID,Processo Físico
2012-12-29 12:00:50,2012-0.359.380-1,4433-12,Alvará de Aprovação de Reforma,Inicial,Inicial,SMUL,RESID,Processo Físico
2012-12-29 12:01:38,2012-0.359.386-0,720-12,Alvará de Aprovação de Edificação Nova,Inicial,Inicial,SMUL,RESID,Processo Físico
2013-01-03 12:02:09,2013-0.001.336-9,6210-12,Alvará de Execução de Edificação Nova,Inicial,Inicial,SMUL,RESID,Indeferido
2013-01-04 12:03:41,2013-0.002.785-8,6152-12,Alvará de Aprovação de Edificação Nova,Inicial,Inicial,SMUL,RESID,Processo Físico
2013-01-07 15:39:25,2013-0.004.723-9,894-12,Alvará de Aprovação de Edificação Nova,Inicial,Inicial,SMUL,RESID,Processo Físico
2013-01-09 12:01:09,2013-0.006.737-0,6843-12,Alvará de Aprovação de Edificação Nova,Inicial,Inicial,SMUL,RESID,Processo Físico
2013-01-09 12:03:18,2013-0.006.747-7,6669-12,Alvará de Aprovação de Edificação Nova,Inicial,Inicial,SMUL,RESID,Processo Físico
2013-01-09 12:03:37,2013-0.006.750-7,5225-12,Alvará de Aprovação de Edificação Nova,Inicial,Inicial,SMUL,RESID,Processo Físico
2013-01-09 12:05:31,2013-0.006.763-9,5238-12,Alvará de Aprovação de Edificação Nova,Inicial,Inicial,SMUL,RESID,Processo Físico
2013-01-09 12:12:09,2013-0.006.797-3,110-13,Alvará de Aprovação de Edificação Nova,Inicial,Inicial,SMUL,RESID,Processo Físico
2013-01-10 12:02:51,2013-0.007.877-0,5463-12,Alvará de Aprovação de Edificação Nova,Inicial,Inicial,SMUL,RESID,Processo Físico
2013-01-10 12:02:58,2013-0.007.878-9,4259-12,Alvará de Aprovação de Edificação Nova,Inicial,Inicial,SMUL,RESID,Processo Físico
2013-01-10 12:03:23,2013-0.007.881-9,5767-12,Alvará de Aprovação de Edificação Nova,Inicial,Inicial,SMUL,RESID,Processo Físico
2013-01-10 12:04:52,2013-0.007.892-4,4029-12,Alvará de Aprovação de Edificação Nova,Inicial,Inicial,SMUL,RESID,Processo Físico
2013-01-10 12:05:57,2013-0.007.899-1,6208-12,Alvará de Aprovação de Edificação Nova,Inicial,Inicial,SMUL,RESID,Processo Físico
2013-01-10 12:08:56,2013-0.007.924-6,6524-12,Alvará de Aprovação de Edificação Nova,Inicial,Inicial,SMUL,RESID,Processo Físico
2013-01-10 12:09:23,2013-0.007.928-9,6955-12,Alvará de Execução de Edificação Nova,Inicial,Inicial,SMUL,RESID,Indeferido
2013-01-12 12:01:01,2013-0.010.435-6,287-13,Alvará de Aprovação de Edificação Nova,Inicial,Inicial,SMUL,RESID,Processo Físico
2013-01-12 12:06:02,2013-0.010.470-4,249-13,Alvará de Aprovação de Edificação Nova,Inicial,Inicial,SMUL,RESID,Processo Físico
2013-01-12 12:08:53,2013-0.010.486-0,239-13,Alvará de Execução de Edificação Nova,Inicial,Inicial,SMUL,RESID,Indeferido
2013-01-12 14:02:42,2013-0.010.525-5,2295-12,Alvará de Execução de Edificação Nova,Inicial,Inicial,SMUL,RESID,Cancelado
2013-01-16 13:05:55,2013-0.013.824-2,519-13,Alvará de Execução de Edificação Nova,Inicial,Inicial,SMUL,RESID,Indeferido
2013-01-16 13:42:19,2013-0.013.934-6,473-13,Alvará de Aprovação de Edificação Nova,Inicial,Inicial,SMUL,RESID,Processo Físico
2013-01-16 15:45:38,2013-0.014.360-2,5303-12,Alvará de Aprovação de Edificação Nova,Inicial,Inicial,SMUL,RESID,Processo Físico
2013-01-17 12:03:47,2013-0.015.119-2,605-13,Alvará de Execução de Edificação Nova,Inicial,Inicial,SMUL,RESID,Indeferido
2013-01-17 12:04:05,2013-0.015.122-2,163-13,Alvará de Aprovação de Edificação Nova,Inicial,Inicial,SMUL,RESID,Processo Físico
2013-01-18 13:49:51,2013-0.016.720-0,666-13,Alvará de Aprovação de Edificação Nova,Inicial,Inicial,SMUL,RESID,Processo Físico
2013-01-18 13:49:51,2013-0.016.721-8,92-13,Alvará de Aprovação de Edificação Nova,Inicial,Inicial,SMUL,RESID,Processo Físico
2013-01-18 13:51:08,2013-0.016.730-7,6319-12,Alvará de Aprovação de Edificação Nova,Inicial,Inicial,SMUL,RESID,Processo Físico
2013-01-18 13:55:05,2013-0.016.748-0,620-13,Alvará de Aprovação de Edificação Nova,Inicial,Inicial,SMUL,RESID,Processo Físico
2013-01-18 14:10:53,2013-0.016.801-0,5079-12,Alvará de Execução de Edificação Nova,Inicial,Inicial,SMUL,RESID,Processo Físico
2013-01-19 14:37:54,2013-0.017.501-6,294-13,Alvará de Aprovação de Edificação Nova,Inicial,Inicial,SMUL,RESID,Processo Físico
2013-01-22 12:01:00,2013-0.019.850-4,845-13,Alvará de Aprovação de Edificação Nova,Inicial,Inicial,SMUL,RESID,Processo Físico
2013-01-22 12:01:33,2013-0.019.857-1,6773-12,Alvará de Aprovação de Edificação Nova,Inicial,Inicial,SMUL,RESID,Processo Físico
2013-01-22 12:04:13,2013-0.019.890-3,894-13,Alvará de Aprovação de Reforma,Inicial,Inicial,SMUL,RESID,Processo Físico
2013-01-22 12:04:37,2013-0.019.894-6,452-13,Alvará de Aprovação de Edificação Nova,Inicial,Inicial,SMUL,RESID,Processo Físico
2013-01-23 13:42:31,2013-0.022.019-4,6495-12,Alvará de Aprovação de Edificação Nova,Inicial,Inicial,SMUL,RESID,Processo Físico
2013-01-23 14:38:12,2013-0.022.239-1,6486-12,Alvará de Aprovação de Edificação Nova,Inicial,Inicial,SMUL,RESID,Processo Físico
2013-01-23 14:38:51,2013-0.022.244-8,689-13,Alvará de Execução de Edificação Nova,Inicial,Inicial,SMUL,RESID,Indeferido
2013-01-23 14:38:51,2013-0.022.245-6,6058-12,Alvará de Aprovação de Edificação Nova,Inicial,Inicial,SMUL,RESID,Processo Físico
2013-01-24 12:01:02,2013-0.023.374-1,964-13,Alvará de Aprovação de Edificação Nova,Inicial,Inicial,SMUL,RESID,Processo Físico
2013-01-24 14:37:56,2013-0.023.697-0,6664-12,Alvará de Aprovação de Edificação Nova,Inicial,Inicial,SMUL,RESID,Processo Físico
2013-01-24 14:37:57,2013-0.023.698-8,1134-13,Alvará de Execução de Edificação Nova,Inicial,Inicial,SMUL,RESID,Indeferido
2013-01-25 12:02:52,2013-0.024.234-1,1261-13,Alvará de Execução de Edificação Nova,Inicial,Inicial,SMUL,RESID,Indeferido
2013-01-25 12:03:08,2013-0.024.236-8,284-13,Alvará de Aprovação de Edificação Nova,Inicial,Inicial,SMUL,RESID,Processo Físico
2013-01-28 14:27:17,2013-0.025.094-8,1192-13,Alvará de Aprovação de Edificação Nova,Inicial,Inicial,SMUL,RESID,Processo Físico
2013-01-29 16:10:40,2013-0.027.255-0,1023-13,Alvará de Execução de Edificação Nova,Inicial,Inicial,SMUL,RESID,Indeferido
2013-01-30 14:38:17,2013-0.028.357-9,1344-13,Alvará de Execução de Edificação Nova,Inicial,Inicial,SMUL,RESID,Indeferido
2013-01-30 15:22:56,2013-0.028.510-5,1858-13,Alvará de Aprovação de Edificação Nova,Inicial,Inicial,SMUL,RESID,Processo Físico
2013-01-30 15:47:37,2013-0.028.581-4,6557-12,Alvará de Aprovação de Edificação Nova,Inicial,Inicial,SMUL,RESID,Processo Físico
2013-01-30 15:55:24,2013-0.028.606-3,797-13,Alvará de Aprovação de Edificação Nova,Inicial,Inicial,SMUL,RESID,Processo Físico
2013-01-30 16:22:17,2013-0.028.661-6,5638-12,Alvará de Aprovação de Edificação Nova,Inicial,Inicial,SMUL,RESID,Processo Físico
2013-01-31 12:00:48,2013-0.029.544-5,1007-13,Alvará de Aprovação de Reforma,Inicial,Inicial,SMUL,RESID,Indeferido
2013-01-31 13:41:47,2013-0.029.956-4,1494-13,Alvará de Execução de Edificação Nova,Inicial,Inicial,SMUL,RESID,Indeferido
2013-01-31 13:42:44,2013-0.029.968-8,1647-13,Alvará de Execução de Edificação Nova,Inicial,Inicial,SMUL,RESID,Indeferido
2013-01-31 14:37:27,2013-0.030.139-9,1608-13,Alvará de Execução de Edificação Nova,Inicial,Inicial,SMUL,RESID,Indeferido
2013-01-31 14:38:47,2013-0.030.145-3,1573-13,Alvará de Execução de Edificação Nova,Inicial,Inicial,SMUL,RESID,Indeferido
2013-01-31 14:39:15,2013-0.030.150-0,1435-13,Alvará de Aprovação de Edificação Nova,Inicial,Inicial,SMUL,RESID,Processo Físico
2013-01-31 16:07:39,2013-0.030.483-5,6677-12,Alvará de Aprovação de Edificação Nova,Inicial,Inicial,SMUL,RESID,Processo Físico
2013-01-31 16:11:56,2013-0.030.495-9,6688-12,Alvará de Aprovação de Edificação Nova,Inicial,Inicial,SMUL,RESID,Processo Físico
2013-01-31 16:15:11,2013-0.030.505-0,6689-12,Alvará de Aprovação de Edificação Nova,Inicial,Inicial,SMUL,RESID,Processo Físico
2013-02-04 14:43:57,2013-0.033.624-9,1215-13,Alvará de Execução de Edificação Nova,Inicial,Inicial,SMUL,RESID,Indeferido
2013-02-04 14:49:05,2013-0.033.667-2,1095-13,Alvará de Aprovação de Edificação Nova,Inicial,Inicial,SMUL,RESID,Processo Físico
2013-02-04 14:53:31,2013-0.033.701-6,1058-13,Alvará de Aprovação de Reforma,Inicial,Inicial,SMUL,RESID,Indeferido
2013-02-04 14:53:42,2013-0.033.705-9,585-13,Alvará de Aprovação de Edificação Nova,Inicial,Inicial,SMUL,RESID,Processo Físico
2013-02-05 12:01:57,2013-0.035.050-0,1604-13,Alvará de Aprovação de Edificação Nova,Inicial,Inicial,SMUL,RESID,Indeferido
2013-02-05 12:03:08,2013-0.035.059-4,1504-13,Alvará de Execução de Edificação Nova,Inicial,Inicial,SMUL,RESID,Indeferido
2013-02-05 12:04:06,2013-0.035.070-5,6902-12,Alvará de Aprovação de Edificação Nova,Inicial,Inicial,SMUL,RESID,Indeferido
2013-02-05 12:09:05,2013-0.035.128-0,1807-13,Alvará de Aprovação de Edificação Nova,Inicial,Inicial,SMUL,RESID,Processo Físico
2013-02-05 12:11:10,2013-0.035.148-5,1852-13,Alvará de Aprovação de Edificação Nova,Inicial,Inicial,SMUL,RESID,Processo Físico
2013-02-05 12:12:09,2013-0.035.157-4,1863-13,Alvará de Execução de Edificação Nova,Inicial,Inicial,SMUL,RESID,Indeferido
2013-02-07 11:03:04,2013-0.038.355-7,6800-12,Alvará de Aprovação de Edificação Nova,Inicial,Inicial,SMUL,RESID,Processo Físico
2013-02-07 12:00:52,2013-0.038.538-0,1636-13,Alvará de Aprovação de Reforma,Inicial,Inicial,SMUL,RESID,Indeferido
2013-02-07 12:02:39,2013-0.038.560-6,1669-13,Alvará de Execução de Edificação Nova,Inicial,Inicial,SMUL,RESID,Indeferido
2013-02-07 12:02:50,2013-0.038.565-7,6255-12,Alvará de Aprovação de Edificação Nova,Inicial,Inicial,SMUL,RESID,Processo Físico
2013-02-07 12:03:25,2013-0.038.576-2,765-13,Alvará de Aprovação de Reforma,Inicial,Inicial,SMUL,RESID,Processo Físico
2013-02-07 12:04:21,2013-0.038.594-0,2122-13,Alvará de Aprovação de Edificação Nova,Inicial,Inicial,SMUL,RESID,Processo Físico
2013-02-07 12:15:16,2013-0.038.666-1,2152-13,Alvará de Execução de Edificação Nova,Inicial,Inicial,SMUL,RESID,Indeferido
2013-02-14 12:03:08,2013-0.042.299-4,2090-13,Alvará de Aprovação de Edificação Nova,Inicial,Inicial,SMUL,RESID,Indeferido
2013-02-14 12:04:54,2013-0.042.322-2,4618-12,Alvará de Aprovação de Edificação Nova,Inicial,Inicial,SMUL,RESID,Processo Físico
2013-02-14 12:05:45,2013-0.042.338-9,859-13,Alvará de Execução de Edificação Nova,Inicial,Inicial,SMUL,RESID,Indeferido
2013-02-14 12:06:17,2013-0.042.344-3,2370-13,Alvará de Aprovação de Edificação Nova,Inicial,Inicial,SMUL,RESID,Indeferido
2013-02-15 09:32:54,2013-0.043.301-5,1564-13,Alvará de Aprovação de Edificação Nova,Inicial,Inicial,SMUL,RESID,Processo Físico
2013-02-15 09:35:06,2013-0.043.316-3,6298-12,Alvará de Aprovação de Edificação Nova,Inicial,Inicial,SMUL,RESID,Indeferido
2013-02-15 09:37:21,2013-0.043.334-1,2229-13,Alvará de Execução de Reforma,Inicial,Inicial,SMUL,RESID,Indeferido
2013-02-15 12:02:21,2013-0.043.779-7,2450-13,Alvará de Aprovação de Edificação Nova,Inicial,Inicial,SMUL,RESID,Indeferido
2013-02-15 12:04:50,2013-0.043.803-3,2520-13,Alvará de Execução de Edificação Nova,Inicial,Inicial,SMUL,RESID,Indeferido
2013-02-15 12:05:05,2013-0.043.805-0,2539-13,Alvará de Execução de Edificação Nova,Inicial,Inicial,SMUL,RESID,Indeferido
2013-02-15 12:06:21,2013-0.043.816-5,1280-13,Alvará de Aprovação de Edificação Nova,Inicial,Inicial,SMUL,RESID,Processo Físico
2013-02-19 12:01:43,2013-0.046.875-7,2690-13,Alvará de Aprovação de Edificação Nova,Inicial,Inicial,SMUL,RESID,Processo Físico
2013-02-19 12:02:31,2013-0.046.882-0,2399-13,Alvará de Aprovação de Edificação Nova,Inicial,Inicial,SMUL,RESID,Processo Físico
2013-02-19 12:05:14,2013-0.046.910-9,2683-13,Alvará de Aprovação de Edificação Nova,Inicial,Inicial,SMUL,RESID,Processo Físico
2013-02-19 12:06:13,2013-0.046.920-6,1560-13,Alvará de Aprovação de Reforma,Inicial,Inicial,SMUL,RESID,Indeferido
2013-02-19 12:07:11,2013-0.046.933-8,1824-13,Alvará de Aprovação de Edificação Nova,Inicial,Inicial,SMUL,RESID,Processo Físico
2013-02-19 12:07:45,2013-0.046.938-9,2375-13,Alvará de Aprovação de Edificação Nova,Inicial,Inicial,SMUL,RESID,Indeferido
2013-02-19 12:09:11,2013-0.046.951-6,2130-13,Alvará de Aprovação de Edificação Nova,Inicial,Inicial,SMUL,RESID,Processo Físico
2013-02-19 12:09:29,2013-0.046.954-0,2423-13,Alvará de Execução de Edificação Nova,Inicial,Inicial,SMUL,RESID,Indeferido
2013-02-19 12:09:36,2013-0.046.958-3,2694-13,Alvará de Aprovação de Edificação Nova,Inicial,Inicial,SMUL,RESID,Processo Físico
2013-02-20 12:02:32,2013-0.048.732-8,1840-13,Alvará de Aprovação de Edificação Nova,Inicial,Inicial,SMUL,RESID,Processo Físico
2013-02-20 12:03:28,2013-0.048.741-7,1391-13,Alvará de Aprovação de Edificação Nova,Inicial,Inicial,SMUL,RESID,Processo Físico
2013-02-20 12:05:07,2013-0.048.761-1,2358-13,Alvará de Execução de Edificação Nova,Inicial,Inicial,SMUL,RESID,Indeferido
2013-02-22 12:00:39,2013-0.051.997-1,2776-13,Alvará de Aprovação de Edificação Nova,Inicial,Inicial,SMUL,RESID,Processo Físico
2013-02-22 12:01:42,2013-0.052.007-4,2188-13,Alvará de Aprovação de Edificação Nova,Inicial,Inicial,SMUL,RESID,Processo Físico
2013-02-22 12:02:12,2013-0.052.013-9,2895-13,Alvará de Execução de Edificação Nova,Inicial,Inicial,SMUL,RESID,Indeferido
2013-02-22 12:03:10,2013-0.052.025-2,2847-13,Alvará de Aprovação de Edificação Nova,Inicial,Inicial,SMUL,RESID,Processo Físico
2013-02-23 12:00:48,2013-0.053.015-0,2781-13,Alvará de Execução de Reforma,Inicial,Inicial,SMUL,RESID,Indeferido
2013-02-23 12:00:55,2013-0.053.016-9,2920-13,Alvará de Aprovação de Edificação Nova,Inicial,Inicial,SMUL,RESID,Processo Físico
2013-02-23 12:01:35,2013-0.053.021-5,2708-13,Alvará de Aprovação de Edificação Nova,Inicial,Inicial,SMUL,RESID,Processo Físico
2013-02-23 12:02:06,2013-0.053.025-8,3145-13,Alvará de Execução de Edificação Nova,Inicial,Inicial,SMUL,RESID,Indeferido
2013-02-23 12:02:52,2013-0.053.031-2,1531-13,Alvará de Aprovação de Edificação Nova,Inicial,Inicial,SMUL,RESID,Processo Físico
2013-02-23 12:07:41,2013-0.053.068-1,3191-13,Alvará de Execução de Edificação Nova,Inicial,Inicial,SMUL,RESID,Indeferido
2013-02-23 13:00:48,2013-0.053.015-0,42464-16,Alvará de Execução de Reforma,Inicial,Reconsideração,SMUL,RESID,Em Análise
2013-02-26 12:10:53,2013-0.055.219-7,3176-13,Alvará de Aprovação de Edificação Nova,Inicial,Inicial,SMUL,RESID,Processo Físico
2013-02-26 12:17:16,2013-0.055.249-9,3236-13,Alvará de Aprovação de Edificação Nova,Inicial,Inicial,SMUL,RESID,Processo Físico
2013-02-27 11:41:56,2013-0.056.692-9,3638-13,Alvará de Execução de Edificação Nova,Inicial,Inicial,SMUL,RESID,Indeferido
2013-02-27 12:00:46,2013-0.056.772-0,3280-13,Alvará de Aprovação de Edificação Nova,Inicial,Inicial,SMUL,RESID,Processo Físico
2013-02-27 12:01:19,2013-0.056.781-0,3331-13,Alvará de Aprovação de Edificação Nova,Inicial,Inicial,SMUL,RESID,Processo Físico
2013-02-27 12:04:11,2013-0.056.807-7,3218-13,Alvará de Execução de Edificação Nova,Inicial,Inicial,SMUL,RESID,Indeferido
2013-02-28 12:01:02,2013-0.058.483-8,2992-13,Alvará de Aprovação de Edificação Nova,Inicial,Inicial,SMUL,RESID,Processo Físico
2013-02-28 12:04:32,2013-0.058.516-8,3186-13,Alvará de Aprovação de Edificação Nova,Inicial,Inicial,SMUL,RESID,Processo Físico
2013-03-05 12:02:54,2013-0.063.104-6,3536-13,Alvará de Execução de Edificação Nova,Inicial,Inicial,SMUL,RESID,Indeferido
2013-03-05 12:03:14,2013-0.063.106-2,3584-13,Alvará de Execução de Edificação Nova,Inicial,Inicial,SMUL,RESID,Indeferido
2013-03-05 12:03:49,2013-0.063.109-7,3533-13,Alvará de Execução de Edificação Nova,Inicial,Inicial,SMUL,RESID,Indeferido
2013-03-05 12:04:28,2013-0.063.115-1,3599-13,Alvará de Aprovação de Edificação Nova,Inicial,Inicial,SMUL,RESID,Processo Físico
2013-03-05 12:04:37,2013-0.063.117-8,3707-13,Alvará de Aprovação de Reforma,Inicial,Inicial,SMUL,RESID,Indeferido
2013-03-05 12:05:27,2013-0.063.127-5,1965-13,Alvará de Execução de Edificação Nova,Inicial,Inicial,SMUL,RESID,Processo Físico
2013-03-05 12:08:12,2013-0.063.153-4,3774-13,Alvará de Aprovação de Edificação Nova,Inicial,Inicial,SMUL,RESID,Indeferido
2013-03-05 12:09:33,2013-0.063.169-0,3297-13,Alvará de Aprovação de Edificação Nova,Inicial,Inicial,SMUL,RESID,Processo Físico
2013-03-05 12:10:30,2013-0.063.179-8,3566-13,Alvará de Execução de Edificação Nova,Inicial,Inicial,SMUL,RESID,Indeferido
2013-03-05 12:12:28,2013-0.063.202-6,3611-13,Alvará de Aprovação de Reforma,Inicial,Inicial,SMUL,RESID,Processo Físico
2013-03-05 12:13:40,2013-0.063.216-6,3784-13,Alvará de Aprovação de Edificação Nova,Inicial,Inicial,SMUL,RESID,Processo Físico
2013-03-05 12:14:54,2013-0.063.224-7,3668-13,Alvará de Aprovação de Edificação Nova,Inicial,Inicial,SMUL,RESID,Indeferido
2013-03-05 12:15:18,2013-0.063.228-0,3656-13,Alvará de Aprovação de Edificação Nova,Inicial,Inicial,SMUL,RESID,Processo Físico
2013-03-14 13:21:42,2013-0.073.694-8,4471-13,Alvará de Aprovação de Edificação Nova,Inicial,Inicial,SMUL,RESID,Processo Físico
2013-03-15 12:01:30,2013-0.074.863-6,3313-13,Alvará de Aprovação de Edificação Nova,Inicial,Inicial,SMUL,RESID,Processo Físico
2013-03-15 12:06:17,2013-0.074.904-7,4702-13,Alvará de Aprovação de Edificação Nova,Inicial,Inicial,SMUL,RESID,Processo Físico
2013-03-16 12:01:34,2013-0.075.771-6,4498-13,Alvará de Aprovação de Edificação Nova,Inicial,Inicial,SMUL,RESID,Processo Físico
2013-03-16 12:01:48,2013-0.075.772-4,4542-13,Alvará de Aprovação de Edificação Nova,Inicial,Inicial,SMUL,RESID,Indeferido
2013-03-18 16:32:31,2013-0.076.969-2,1894-13,Alvará de Aprovação de Edificação Nova,Inicial,Inicial,SMUL,RESID,Processo Físico
2013-03-18 16:32:36,2013-0.076.972-2,1845-13,Alvará de Aprovação de Edificação Nova,Inicial,Inicial,SMUL,RESID,Processo Físico
2013-03-18 16:36:14,2013-0.076.985-4,2059-13,Alvará de Aprovação de Edificação Nova,Inicial,Inicial,SMUL,RESID,Processo Físico
2013-03-18 16:39:31,2013-0.076.992-7,2222-13,Alvará de Aprovação de Edificação Nova,Inicial,Inicial,SMUL,RESID,Processo Físico
2013-03-19 10:21:24,2013-0.077.359-2,28484-13,Alvará de Aprovação de Edificação Nova,Inicial,Reconsideração,SMUL,RESID,Indeferido
2013-03-19 11:13:59,2013-0.077.546-3,3219-13,Alvará de Aprovação de Edificação Nova,Inicial,Inicial,SMUL,RESID,Processo Físico
2013-03-19 11:15:20,2013-0.077.554-4,3207-13,Alvará de Aprovação de Edificação Nova,Inicial,Inicial,SMUL,RESID,Processo Físico
2013-03-19 11:15:36,2013-0.077.555-2,3249-13,Alvará de Aprovação de Edificação Nova,Inicial,Inicial,SMUL,RESID,Processo Físico
2013-03-19 11:27:37,2013-0.077.601-0,3511-13,Alvará de Execução de Edificação Nova,Inicial,Inicial,SMUL,RESID,Indeferido
2013-03-19 11:28:12,2013-0.077.602-8,3514-13,Alvará de Execução de Edificação Nova,Inicial,Inicial,SMUL,RESID,Indeferido
2013-03-19 11:29:17,2013-0.077.607-9,3530-13,Alvará de Execução de Edificação Nova,Inicial,Inicial,SMUL,RESID,Indeferido
2013-03-19 11:54:34,2013-0.077.700-8,3629-13,Alvará de Execução de Edificação Nova,Inicial,Inicial,SMUL,RESID,Indeferido
2013-03-19 11:55:40,2013-0.077.708-3,3663-13,Alvará de Aprovação de Edificação Nova,Inicial,Inicial,SMUL,RESID,Processo Físico
2013-03-19 11:56:04,2013-0.077.712-1,3639-13,Alvará de Execução de Edificação Nova,Inicial,Inicial,SMUL,RESID,Indeferido
2013-03-19 12:16:52,2013-0.077.786-5,3788-13,Alvará de Execução de Edificação Nova,Inicial,Inicial,SMUL,RESID,Indeferido
2013-03-19 14:13:56,2013-0.078.089-0,3791-13,Alvará de Aprovação de Edificação Nova,Inicial,Inicial,SMUL,RESID,Processo Físico
2013-03-19 14:17:24,2013-0.078.110-2,3822-13,Alvará de Aprovação de Edificação Nova,Inicial,Inicial,SMUL,RESID,Processo Físico
2013-03-19 14:29:29,2013-0.078.174-9,3937-13,Alvará de Aprovação de Edificação Nova,Inicial,Inicial,SMUL,RESID,Processo Físico
2013-03-19 14:31:03,2013-0.078.181-1,3953-13,Alvará de Execução de Edificação Nova,Inicial,Inicial,SMUL,RESID,Indeferido
2013-03-19 14:34:05,2013-0.078.194-3,3983-13,Alvará de Execução de Edificação Nova,Inicial,Inicial,SMUL,RESID,Indeferido
2013-03-19 14:49:47,2013-0.078.266-4,4029-13,Alvará de Execução de Edificação Nova,Inicial,Inicial,SMUL,RESID,Indeferido
2013-03-19 15:23:46,2013-0.078.423-3,5387-12,Alvará de Aprovação de Reforma,Inicial,Inicial,SMUL,RESID,Indeferido
2013-03-20 12:02:10,2013-0.079.353-4,3883-13,Alvará de Aprovação de Edificação Nova,Inicial,Inicial,SMUL,RESID,Processo Físico
2013-03-20 12:05:41,2013-0.079.378-0,4873-13,Alvará de Aprovação de Edificação Nova,Inicial,Inicial,SMUL,RESID,Processo Físico
2013-03-20 12:05:47,2013-0.079.379-8,4781-13,Alvará de Aprovação de Edificação Nova,Inicial,Inicial,SMUL,RESID,Processo Físico
2013-03-20 12:06:18,2013-0.079.385-2,4975-13,Alvará de Aprovação de Reforma,Inicial,Inicial,SMUL,RESID,Indeferido
2013-03-20 13:11:03,2013-0.079.528-6,4826-13,Alvará de Execução de Edificação Nova,Inicial,Inicial,SMUL,RESID,Indeferido
2013-03-20 13:14:40,2013-0.079.556-1,4978-13,Alvará de Aprovação de Edificação Nova,Inicial,Inicial,SMUL,RESID,Processo Físico
2013-03-20 14:10:52,2013-0.079.771-8,5155-13,Alvará de Aprovação de Edificação Nova,Inicial,Inicial,SMUL,RESID,Processo Físico
2013-03-22 14:14:01,2013-0.083.150-9,4500-13,Alvará de Aprovação de Reforma,Inicial,Inicial,SMUL,RESID,Indeferido
2013-03-22 14:15:55,2013-0.083.167-3,4909-13,Alvará de Aprovação de Edificação Nova,Inicial,Inicial,SMUL,RESID,Processo Físico
2013-03-22 15:09:29,2013-0.083.322-6,4147-13,Alvará de Aprovação de Edificação Nova,Inicial,Inicial,SMUL,RESID,Processo Físico
2013-03-22 15:09:32,2013-0.083.323-4,4372-13,Alvará de Execução de Edificação Nova,Inicial,Inicial,SMUL,RESID,Indeferido
2013-03-22 15:17:47,2013-0.083.365-0,5188-13,Alvará de Aprovação de Edificação Nova,Inicial,Inicial,SMUL,RESID,Processo Físico
2013-03-27 14:01:51,2013-0.086.471-7,3635-13,Alvará de Aprovação de Edificação Nova,Inicial,Inicial,SMUL,RESID,Processo Físico
2013-03-27 14:02:17,2013-0.086.475-0,3098-13,Alvará de Aprovação de Edificação Nova,Inicial,Inicial,SMUL,RESID,Processo Físico
2013-03-27 14:04:15,2013-0.086.491-1,1232-13,Alvará de Aprovação de Edificação Nova,Inicial,Inicial,SMUL,RESID,Processo Físico
2013-03-27 14:05:13,2013-0.086.496-2,3137-13,Alvará de Aprovação de Edificação Nova,Inicial,Inicial,SMUL,RESID,Processo Físico
2013-03-28 12:01:54,2013-0.088.610-9,4577-13,Alvará de Aprovação de Edificação Nova,Inicial,Inicial,SMUL,RESID,Processo Físico
2013-03-28 12:04:22,2013-0.088.627-3,5205-13,Alvará de Aprovação de Reforma,Inicial,Inicial,SMUL,RESID,Processo Físico
2013-03-28 12:11:58,2013-0.088.697-4,5867-13,Alvará de Aprovação de Reforma,Inicial,Inicial,SMUL,RESID,Indeferido
2013-03-28 12:13:38,2013-0.088.713-0,5208-13,Alvará de Aprovação de Edificação Nova,Inicial,Inicial,SMUL,RESID,Processo Físico
2013-03-28 12:26:10,2013-0.088.809-8,5854-13,Alvará de Aprovação de Edificação Nova,Inicial,Inicial,SMUL,RESID,Processo Físico
2013-03-29 12:01:26,2013-0.090.150-7,4259-13,Alvará de Execução de Edificação Nova,Inicial,Inicial,SMUL,RESID,Indeferido
2013-03-29 12:03:08,2013-0.090.162-0,5573-13,Alvará de Execução de Edificação Nova,Inicial,Inicial,SMUL,RESID,Indeferido
2013-03-29 12:04:28,2013-0.090.172-8,5778-13,Alvará de Aprovação de Edificação Nova,Inicial,Inicial,SMUL,RESID,Processo Físico
2013-04-01 10:27:56,2013-0.090.505-7,3787-13,Alvará de Aprovação de Reforma,Inicial,Inicial,SMUL,RESID,Indeferido
2013-04-03 09:30:21,2013-0.093.408-1,5493-13,Alvará de Execução de Edificação Nova,Inicial,Inicial,SMUL,RESID,Indeferido
2013-04-03 09:31:34,2013-0.093.421-9,5544-13,Alvará de Execução de Edificação Nova,Inicial,Inicial,SMUL,RESID,Indeferido
2013-04-03 09:31:34,2013-0.093.421-9,40203-16,Alvará de Execução de Edificação Nova,Inicial,Reconsideração,SMUL,RESID,Em Análise
2013-04-03 09:37:51,2013-0.093.476-6,5512-13,Alvará de Execução de Edificação Nova,Inicial,Inicial,SMUL,RESID,Indeferido
2013-04-03 09:38:30,2013-0.093.481-2,5499-13,Alvará de Aprovação de Edificação Nova,Inicial,Inicial,SMUL,RESID,Processo Físico
2013-04-03 09:40:48,2013-0.093.490-1,5093-13,Alvará de Aprovação de Edificação Nova,Inicial,Inicial,SMUL,RESID,Processo Físico
2013-04-03 09:42:50,2013-0.093.497-9,5593-13,Alvará de Execução de Edificação Nova,Inicial,Inicial,SMUL,RESID,Indeferido
2013-04-03 09:49:38,2013-0.093.538-0,5304-13,Alvará de Execução de Reforma,Inicial,Inicial,SMUL,RESID,Indeferido
2013-04-03 09:52:18,2013-0.093.554-1,4775-13,Alvará de Execução de Edificação Nova,Inicial,Inicial,SMUL,RESID,Indeferido
2013-04-03 09:52:20,2013-0.093.555-0,5415-13,Alvará de Execução de Edificação Nova,Inicial,Inicial,SMUL,RESID,Indeferido
2013-04-03 09:55:01,2013-0.093.576-2,4805-13,Alvará de Aprovação de Edificação Nova,Inicial,Inicial,SMUL,RESID,Indeferido
2013-04-03 10:26:09,2013-0.093.687-4,5246-13,Alvará de Aprovação de Edificação Nova,Inicial,Inicial,SMUL,RESID,Processo Físico
2013-04-03 12:02:07,2013-0.094.177-0,4838-13,Alvará de Aprovação de Edificação Nova,Inicial,Inicial,SMUL,RESID,Indeferido
2013-04-03 12:05:49,2013-0.094.191-6,5413-13,Alvará de Aprovação de Edificação Nova,Inicial,Inicial,SMUL,RESID,Processo Físico
2013-04-03 12:06:45,2013-0.094.198-3,4841-13,Alvará de Aprovação de Edificação Nova,Inicial,Inicial,SMUL,RESID,Indeferido
2013-04-03 12:09:19,2013-0.094.213-0,5745-13,Alvará de Aprovação de Edificação Nova,Inicial,Inicial,SMUL,RESID,Processo Físico
2013-04-03 12:18:03,2013-0.094.278-5,6029-13,Alvará de Aprovação de Edificação Nova,Inicial,Inicial,SMUL,RESID,Processo Físico
2013-04-03 12:18:27,2013-0.094.281-5,6002-13,Alvará de Aprovação de Edificação Nova,Inicial,Inicial,SMUL,RESID,Processo Físico
2013-04-03 12:19:01,2013-0.094.286-6,6060-13,Alvará de Aprovação de Edificação Nova,Inicial,Inicial,SMUL,RESID,Processo Físico
2013-04-03 12:19:19,2013-0.094.290-4,6083-13,Alvará de Aprovação de Edificação Nova,Inicial,Inicial,SMUL,RESID,Processo Físico
2013-04-05 12:04:19,2013-0.097.548-9,5476-13,Alvará de Aprovação de Edificação Nova,Inicial,Inicial,SMUL,RESID,Processo Físico
2013-04-05 12:04:30,2013-0.097.550-0,5729-13,Alvará de Aprovação de Edificação Nova,Inicial,Inicial,SMUL,RESID,Processo Físico
2013-04-05 12:04:38,2013-0.097.551-9,5514-13,Alvará de Aprovação de Edificação Nova,Inicial,Inicial,SMUL,RESID,Processo Físico
2013-04-05 12:06:26,2013-0.097.571-3,5875-13,Alvará de Execução de Edificação Nova,Inicial,Inicial,SMUL,RESID,Indeferido
2013-04-05 12:09:27,2013-0.097.612-4,5669-13,Alvará de Aprovação de Edificação Nova,Inicial,Inicial,SMUL,RESID,Processo Físico
2013-04-09 12:01:45,2013-0.100.328-6,1717-12,Alvará de Aprovação de Edificação Nova,Inicial,Inicial,SMUL,RESID,Indeferido
2013-04-10 12:04:04,2013-0.102.023-7,5371-13,Alvará de Aprovação de Edificação Nova,Inicial,Inicial,SMUL,RESID,Processo Físico
2013-04-10 12:04:32,2013-0.102.027-0,6143-13,Alvará de Aprovação de Edificação Nova,Inicial,Inicial,SMUL,RESID,Processo Físico
2013-04-10 12:06:53,2013-0.102.038-5,6463-13,Alvará de Execução de Edificação Nova,Inicial,Inicial,SMUL,RESID,Indeferido
2013-04-10 12:09:48,2013-0.102.069-5,6538-13,Alvará de Aprovação de Edificação Nova,Inicial,Inicial,SMUL,RESID,Processo Físico
2013-04-10 12:11:16,2013-0.102.081-4,6570-13,Alvará de Execução de Edificação Nova,Inicial,Inicial,SMUL,RESID,Indeferido
2013-04-10 12:11:30,2013-0.102.085-7,6562-13,Alvará de Aprovação de Edificação Nova,Inicial,Inicial,SMUL,RESID,Processo Físico
2013-04-10 12:12:03,2013-0.102.090-3,6744-13,Alvará de Execução de Edificação Nova,Inicial,Inicial,SMUL,RESID,Processo Físico
2013-04-10 12:12:20,2013-0.102.093-8,6596-13,Alvará de Aprovação de Edificação Nova,Inicial,Inicial,SMUL,RESID,Processo Físico
2013-04-10 16:03:47,2013-0.102.696-0,6456-13,Alvará de Execução de Edificação Nova,Inicial,Inicial,SMUL,RESID,Indeferido
2013-04-10 16:05:06,2013-0.102.706-1,6607-13,Alvará de Execução de Edificação Nova,Inicial,Inicial,SMUL,RESID,Indeferido
2013-04-10 16:05:08,2013-0.102.707-0,6494-13,Alvará de Aprovação de Edificação Nova,Inicial,Inicial,SMUL,RESID,Processo Físico
2013-04-10 16:18:51,2013-0.102.754-1,6371-13,Alvará de Aprovação de Edificação Nova,Inicial,Inicial,SMUL,RESID,Processo Físico
2013-04-10 16:20:45,2013-0.102.760-6,29794-14,Alvará de Aprovação de Edificação Nova,Inicial,Inicial,SMUL,RESID,Processo Físico
2013-04-10 16:22:10,2013-0.102.769-0,6443-13,Alvará de Aprovação de Edificação Nova,Inicial,Inicial,SMUL,RESID,Processo Físico
2013-04-10 16:27:40,2013-0.102.792-4,6161-13,Alvará de Execução de Edificação Nova,Inicial,Inicial,SMUL,RESID,Em Análise
2013-04-10 16:27:40,2013-0.102.793-2,5892-13,Alvará de Aprovação de Edificação Nova,Inicial,Inicial,SMUL,RESID,Processo Físico
2013-04-10 16:52:20,2013-0.102.852-1,6539-13,Alvará de Execução de Edificação Nova,Inicial,Inicial,SMUL,RESID,Indeferido
2013-04-10 16:52:50,2013-0.102.854-8,6597-13,Alvará de Aprovação de Reforma,Inicial,Inicial,SMUL,RESID,Indeferido
2013-04-11 12:01:34,2013-0.103.617-6,3847-13,Alvará de Aprovação de Edificação Nova,Inicial,Inicial,SMUL,RESID,Processo Físico
2013-04-11 12:05:53,2013-0.103.646-0,6518-13,Alvará de Aprovação de Reforma,Inicial,Inicial,SMUL,RESID,Processo Físico
2013-04-11 12:06:00,2013-0.103.647-8,6623-13,Alvará de Aprovação de Reforma,Inicial,Inicial,SMUL,RESID,Em Análise
2013-04-11 12:08:31,2013-0.103.672-9,4956-13,Alvará de Aprovação de Edificação Nova,Inicial,Inicial,SMUL,RESID,Processo Físico
2013-04-12 12:03:44,2013-0.105.059-4,6482-13,Alvará de Aprovação de Edificação Nova,Inicial,Inicial,SMUL,RESID,Processo Físico
2013-04-12 12:03:56,2013-0.105.062-4,6657-13,Alvará de Execução de Edificação Nova,Inicial,Inicial,SMUL,RESID,Indeferido
2013-04-12 12:05:26,2013-0.105.073-0,6809-13,Alvará de Aprovação de Edificação Nova,Inicial,Inicial,SMUL,RESID,Processo Físico
2013-04-13 12:03:16,2013-0.105.856-0,6933-13,Alvará de Execução de Edificação Nova,Inicial,Inicial,SMUL,RESID,Indeferido
2013-04-17 12:02:37,2013-0.109.500-8,5851-13,Alvará de Aprovação de Reforma,Inicial,Inicial,SMUL,RESID,Processo Físico
2013-04-17 12:03:55,2013-0.109.512-1,6370-13,Alvará de Aprovação de Edificação Nova,Inicial,Inicial,SMUL,RESID,Processo Físico
2013-04-17 12:04:34,2013-0.109.516-4,6365-13,Alvará de Aprovação de Edificação Nova,Inicial,Inicial,SMUL,RESID,Processo Físico
2013-04-17 12:06:28,2013-0.109.534-2,6842-13,Alvará de Aprovação de Edificação Nova,Inicial,Inicial,SMUL,RESID,Processo Físico
2013-04-17 13:34:43,2013-0.109.735-3,5976-13,Alvará de Aprovação de Edificação Nova,Inicial,Inicial,SMUL,RESID,Processo Físico
2013-04-17 13:36:38,2013-0.109.745-0,6546-13,Alvará de Execução de Edificação Nova,Inicial,Inicial,SMUL,RESID,Indeferido
2013-04-17 13:38:36,2013-0.109.751-5,6818-13,Alvará de Aprovação de Edificação Nova,Inicial,Inicial,SMUL,RESID,Em Análise
2013-04-17 13:39:03,2013-0.109.756-6,6796-13,Alvará de Aprovação de Edificação Nova,Inicial,Inicial,SMUL,RESID,Processo Físico
2013-04-17 13:39:08,2013-0.109.757-4,6728-13,Alvará de Aprovação de Edificação Nova,Inicial,Inicial,SMUL,RESID,Processo Físico
2013-04-17 13:39:36,2013-0.109.762-0,6971-13,Alvará de Aprovação de Edificação Nova,Inicial,Inicial,SMUL,RESID,Processo Físico
2013-04-17 13:41:51,2013-0.109.783-3,7043-13,Alvará de Aprovação de Edificação Nova,Inicial,Inicial,SMUL,RESID,Processo Físico
2013-04-17 13:44:08,2013-0.109.805-8,7140-13,Alvará de Execução de Edificação Nova,Inicial,Inicial,SMUL,RESID,Indeferido
2013-04-17 13:44:19,2013-0.109.806-6,7220-13,Alvará de Aprovação de Edificação Nova,Inicial,Inicial,SMUL,RESID,Processo Físico
2013-04-18 12:04:21,2013-0.111.146-1,7125-13,Alvará de Execução de Edificação Nova,Inicial,Inicial,SMUL,RESID,Indeferido
2013-04-18 12:05:38,2013-0.111.159-3,7126-13,Alvará de Aprovação de Reforma,Inicial,Inicial,SMUL,RESID,Processo Físico
2013-04-19 12:01:49,2013-0.112.565-9,6404-13,Alvará de Aprovação de Edificação Nova,Inicial,Inicial,SMUL,RESID,Processo Físico
2013-04-19 12:03:06,2013-0.112.578-0,6983-13,Alvará de Execução de Edificação Nova,Inicial,Inicial,SMUL,RESID,Indeferido
2013-04-19 12:04:27,2013-0.112.590-0,7365-13,Alvará de Execução de Edificação Nova,Inicial,Inicial,SMUL,RESID,Indeferido
2013-04-19 12:05:26,2013-0.112.598-5,7512-13,Alvará de Execução de Edificação Nova,Inicial,Inicial,SMUL,RESID,Indeferido
2013-04-19 12:06:07,2013-0.112.603-5,6767-13,Alvará de Aprovação de Edificação Nova,Inicial,Inicial,SMUL,RESID,Processo Físico
2013-04-24 12:01:26,2013-0.117.360-2,5890-13,Alvará de Execução de Edificação Nova,Inicial,Inicial,SMUL,RESID,Indeferido
2013-04-24 12:01:39,2013-0.117.363-7,5893-13,Alvará de Execução de Edificação Nova,Inicial,Inicial,SMUL,RESID,Indeferido
2013-04-24 12:03:19,2013-0.117.374-2,6749-13,Alvará de Aprovação de Edificação Nova,Inicial,Inicial,SMUL,RESID,Em Análise
2013-04-24 12:03:56,2013-0.117.380-7,7192-13,Alvará de Aprovação de Edificação Nova,Inicial,Inicial,SMUL,RESID,Em Análise
2013-04-24 12:06:00,2013-0.117.399-8,7257-13,Alvará de Aprovação de Edificação Nova,Inicial,Inicial,SMUL,RESID,Indeferido
2013-04-24 13:34:01,2013-0.117.723-3,7077-13,Alvará de Aprovação de Edificação Nova,Inicial,Inicial,SMUL,RESID,Processo Físico
2013-04-24 13:34:57,2013-0.117.726-8,7274-13,Alvará de Aprovação de Edificação Nova,Inicial,Inicial,SMUL,RESID,Indeferido
2013-04-25 12:04:52,2013-0.119.036-1,7945-13,Alvará de Aprovação de Edificação Nova,Inicial,Inicial,SMUL,RESID,Processo Físico
2013-04-25 12:05:05,2013-0.119.037-0,7885-13,Alvará de Aprovação de Edificação Nova,Inicial,Inicial,SMUL,RESID,Processo Físico
2013-04-25 12:06:29,2013-0.119.050-7,7806-13,Alvará de Execução de Edificação Nova,Inicial,Inicial,SMUL,RESID,Indeferido
2013-04-25 12:11:30,2013-0.119.071-0,7879-13,Alvará de Aprovação de Edificação Nova,Inicial,Inicial,SMUL,RESID,Indeferido
2013-04-25 12:12:16,2013-0.119.078-7,7636-13,Alvará de Execução de Edificação Nova,Inicial,Inicial,SMUL,RESID,Indeferido
2013-04-25 12:15:31,2013-0.119.095-7,7787-13,Alvará de Execução de Edificação Nova,Inicial,Inicial,SMUL,RESID,Indeferido
2013-04-25 12:21:19,2013-0.119.133-3,7764-13,Alvará de Execução de Edificação Nova,Inicial,Inicial,SMUL,RESID,Indeferido
2013-04-25 12:23:05,2013-0.119.141-4,7762-13,Alvará de Aprovação de Edificação Nova,Inicial,Inicial,SMUL,RESID,Processo Físico
2013-04-26 12:03:55,2013-0.120.670-5,7807-13,Alvará de Execução de Edificação Nova,Inicial,Inicial,SMUL,RESID,Indeferido
2013-04-26 12:04:03,2013-0.120.671-3,7760-13,Alvará de Aprovação de Edificação Nova,Inicial,Inicial,SMUL,RESID,Processo Físico
2013-04-26 12:05:46,2013-0.120.683-7,7974-13,Alvará de Execução de Reforma,Inicial,Inicial,SMUL,RESID,Indeferido
2013-04-26 12:09:59,2013-0.120.721-3,8049-13,Alvará de Aprovação de Edificação Nova,Inicial,Inicial,SMUL,RESID,Em Análise
2013-04-26 12:11:52,2013-0.120.733-7,41699-16,Alvará de Execução de Edificação Nova,Inicial,Reconsideração,SMUL,RESID,Em Análise
2013-04-26 12:11:52,2013-0.120.733-7,8146-13,Alvará de Execução de Edificação Nova,Inicial,Inicial,SMUL,RESID,Indeferido
2013-04-27 12:01:29,2013-0.121.569-0,6583-13,Alvará de Aprovação de Edificação Nova,Inicial,Inicial,SMUL,RESID,Em Análise
2013-04-27 12:03:37,2013-0.121.583-6,8030-13,Alvará de Execução de Reforma,Inicial,Inicial,SMUL,RESID,Em Análise
2013-04-27 12:06:30,2013-0.121.606-9,8182-13,Alvará de Aprovação de Edificação Nova,Inicial,Inicial,SMUL,RESID,Processo Físico
2013-05-07 12:01:40,2013-0.129.909-6,6211-13,Alvará de Execução de Reforma,Inicial,Inicial,SMUL,RESID,Indeferido
2013-05-07 12:01:40,2013-0.129.909-6,40027-16,Alvará de Execução de Reforma,Inicial,Reconsideração,SMUL,RESID,Em Análise
2013-05-07 12:06:30,2013-0.129.947-9,7836-13,Alvará de Aprovação de Edificação Nova,Inicial,Inicial,SMUL,RESID,Processo Físico
2013-05-07 13:13:41,2013-0.130.159-7,7928-13,Alvará de Aprovação de Edificação Nova,Inicial,Inicial,SMUL,RESID,Processo Físico
2013-05-07 13:15:39,2013-0.130.180-5,8129-13,Alvará de Aprovação de Reforma,Inicial,Inicial,SMUL,RESID,Indeferido
2013-05-07 13:15:58,2013-0.130.182-1,8184-13,Alvará de Execução de Edificação Nova,Inicial,Inicial,SMUL,RESID,Indeferido
2013-05-09 12:04:50,2013-0.133.166-6,8735-13,Alvará de Execução de Reforma,Inicial,Inicial,SMUL,RESID,Indeferido
2013-05-09 12:10:14,2013-0.133.215-8,8876-13,Alvará de Execução de Edificação Nova,Inicial,Inicial,SMUL,RESID,Indeferido
2013-05-09 15:01:05,2013-0.133.752-4,8617-13,Alvará de Execução de Edificação Nova,Inicial,Inicial,SMUL,RESID,Indeferido
2013-05-09 15:26:54,2013-0.133.882-2,8469-13,Alvará de Execução de Edificação Nova,Inicial,Inicial,SMUL,RESID,Indeferido
2013-05-09 15:27:54,2013-0.133.893-8,8447-13,Alvará de Execução de Edificação Nova,Inicial,Inicial,SMUL,RESID,Indeferido
2013-05-14 12:02:17,2013-0.137.795-0,8112-13,Alvará de Aprovação de Reforma,Inicial,Inicial,SMUL,RESID,Indeferido
2013-05-14 12:03:25,2013-0.137.803-4,8930-13,Alvará de Aprovação de Edificação Nova,Inicial,Inicial,SMUL,RESID,Processo Físico
2013-05-14 12:04:05,2013-0.137.810-7,8996-13,Alvará de Execução de Edificação Nova,Inicial,Inicial,SMUL,RESID,Indeferido
2013-05-14 12:05:15,2013-0.137.822-0,9185-13,Alvará de Execução de Edificação Nova,Inicial,Inicial,SMUL,RESID,Indeferido
2013-05-16 12:03:22,2013-0.140.807-3,7396-13,Alvará de Aprovação de Edificação Nova,Inicial,Inicial,SMUL,RESID,Em Análise
2013-05-16 12:03:54,2013-0.140.810-3,7391-13,Alvará de Aprovação de Edificação Nova,Inicial,Inicial,SMUL,RESID,Indeferido
2013-05-16 13:42:25,2013-0.141.095-7,9240-13,Alvará de Aprovação de Edificação Nova,Inicial,Inicial,SMUL,RESID,Indeferido
2013-05-16 14:17:10,2013-0.141.233-0,9213-13,Alvará de Aprovação de Reforma,Inicial,Inicial,SMUL,RESID,Indeferido
2013-05-16 14:20:49,2013-0.141.259-3,9349-13,Alvará de Aprovação de Edificação Nova,Inicial,Inicial,SMUL,RESID,Processo Físico
2013-05-17 12:15:13,2013-0.142.285-8,6795-13,Alvará de Execução de Edificação Nova,Inicial,Inicial,SMUL,RESID,Indeferido
2013-05-17 12:17:01,2013-0.142.300-5,8845-13,Alvará de Aprovação de Edificação Nova,Inicial,Inicial,SMUL,RESID,Indeferido
2013-05-17 14:59:12,2013-0.142.729-9,9466-13,Alvará de Aprovação de Edificação Nova,Inicial,Inicial,SMUL,RESID,Processo Físico
2013-05-18 12:02:19,2013-0.143.047-8,7782-13,Alvará de Execução de Edificação Nova,Inicial,Inicial,SMUL,RESID,Indeferido
2013-05-18 12:45:11,2013-0.143.109-1,9491-13,Alvará de Aprovação de Edificação Nova,Inicial,Inicial,SMUL,RESID,Processo Físico
2013-05-20 16:47:57,2013-0.144.424-0,9534-13,Alvará de Aprovação de Reforma,Inicial,Inicial,SMUL,RESID,Processo Físico
2013-05-20 16:48:55,2013-0.144.431-2,41696-16,Alvará de Execução de Edificação Nova,Inicial,Reconsideração,SMUL,RESID,Em Análise
2013-05-20 16:48:55,2013-0.144.431-2,9565-13,Alvará de Execução de Edificação Nova,Inicial,Inicial,SMUL,RESID,Indeferido
2013-05-23 12:02:02,2013-0.148.189-7,8603-13,Alvará de Execução de Edificação Nova,Inicial,Inicial,SMUL,RESID,Indeferido
2013-05-24 12:01:25,2013-0.149.568-5,5930-13,Alvará de Aprovação de Edificação Nova,Inicial,Inicial,SMUL,RESID,Em Análise
2013-05-24 12:02:40,2013-0.149.578-2,9310-13,Alvará de Aprovação de Edificação Nova,Inicial,Inicial,SMUL,RESID,Processo Físico
2013-05-24 12:06:16,2013-0.149.619-3,9885-13,Alvará de Execução de Edificação Nova,Inicial,Inicial,SMUL,RESID,Indeferido
2013-05-25 12:02:08,2013-0.150.401-3,8360-13,Alvará de Execução de Edificação Nova,Inicial,Inicial,SMUL,RESID,Indeferido
2013-05-28 15:17:54,2013-0.152.819-2,10136-13,Alvará de Aprovação de Edificação Nova,Inicial,Inicial,SMUL,RESID,Processo Físico
2013-05-28 15:20:39,2013-0.152.848-6,9990-13,Alvará de Execução de Edificação Nova,Inicial,Inicial,SMUL,RESID,Indeferido
2013-06-05 17:05:43,2013-0.159.065-3,9993-13,Alvará de Execução de Edificação Nova,Inicial,Inicial,SMUL,RESID,Indeferido
2013-06-06 12:02:06,2013-0.159.648-1,10225-13,Alvará de Execução de Edificação Nova,Inicial,Inicial,SMUL,RESID,Indeferido
2013-06-06 12:52:09,2013-0.160.154-0,10233-13,Alvará de Execução de Edificação Nova,Inicial,Inicial,SMUL,RESID,Indeferido
2013-06-06 12:54:27,2013-0.160.165-5,41697-16,Alvará de Execução de Edificação Nova,Inicial,Reconsideração,SMUL,RESID,Em Análise
2013-06-06 12:54:27,2013-0.160.165-5,10571-13,Alvará de Execução de Edificação Nova,Inicial,Inicial,SMUL,RESID,Indeferido
2013-06-06 12:59:23,2013-0.160.214-7,9735-13,Alvará de Aprovação de Edificação Nova,Inicial,Inicial,SMUL,RESID,Indeferido
2013-06-07 12:04:01,2013-0.161.513-3,9680-13,Alvará de Aprovação de Edificação Nova,Inicial,Inicial,SMUL,RESID,Indeferido
2013-06-18 13:31:58,2013-0.171.870-6,11170-13,Alvará de Aprovação de Edificação Nova,Inicial,Inicial,SMUL,RESID,Processo Físico
2013-06-20 12:10:10,2013-0.174.515-0,10110-13,Alvará de Aprovação de Edificação Nova,Inicial,Inicial,SMUL,RESID,Processo Físico
2013-06-29 12:01:37,2013-0.183.981-3,11974-13,Alvará de Aprovação de Reforma,Inicial,Inicial,SMUL,RESID,Indeferido
2013-07-02 18:59:12,2013-0.187.530-5,10247-13,Alvará de Aprovação de Edificação Nova,Inicial,Inicial,SMUL,RESID,Em Análise
2013-07-03 12:02:20,2013-0.188.346-4,11469-13,Alvará de Aprovação de Edificação Nova,Inicial,Inicial,SMUL,RESID,Indeferido
2013-07-03 12:04:02,2013-0.188.353-7,11979-13,Alvará de Aprovação de Edificação Nova,Inicial,Inicial,SMUL,RESID,Indeferido
2013-07-03 16:51:38,2013-0.189.245-5,11818-13,Alvará de Aprovação de Edificação Nova,Inicial,Inicial,SMUL,RESID,Indeferido
2013-07-03 16:53:47,2013-0.189.257-9,11648-13,Alvará de Aprovação de Edificação Nova,Inicial,Inicial,SMUL,RESID,Em Análise
2013-07-04 10:24:17,2013-0.189.704-0,11699-13,Alvará de Execução de Edificação Nova,Inicial,Inicial,SMUL,RESID,Indeferido
2013-07-10 11:50:49,2013-0.193.413-1,11834-13,Alvará de Execução de Edificação Nova,Inicial,Inicial,SMUL,RESID,Indeferido
2013-07-13 12:05:30,2013-0.197.499-0,13282-13,Alvará de Execução de Reforma,Inicial,Inicial,SMUL,RESID,Indeferido
2013-08-06 12:06:38,2013-0.221.810-3,14814-13,Alvará de Aprovação de Reforma,Inicial,Inicial,SMUL,RESID,Indeferido
2013-08-22 09:00:49,2013-0.239.009-7,14537-13,Alvará de Execução de Reforma,Inicial,Inicial,SMUL,RESID,Indeferido
2013-08-22 09:01:56,2013-0.239.013-5,14107-13,Alvará de Execução de Edificação Nova,Inicial,Inicial,SMUL,RESID,Indeferido
2013-08-22 09:02:09,2013-0.239.017-8,15495-13,Alvará de Execução de Edificação Nova,Inicial,Inicial,SMUL,RESID,Indeferido
2013-08-22 09:07:00,2013-0.239.021-6,4295-14,Alvará de Aprovação de Edificação Nova,Inicial,Reconsideração,SMUL,RESID,Indeferido
2013-08-22 09:07:00,2013-0.239.021-6,13455-13,Alvará de Aprovação de Edificação Nova,Inicial,Inicial,SMUL,RESID,Indeferido
2013-08-22 09:07:15,2013-0.239.024-0,14931-13,Alvará de Aprovação de Edificação Nova,Inicial,Inicial,SMUL,RESID,Processo Físico
2013-08-22 09:09:15,2013-0.239.037-2,13933-13,Alvará de Aprovação de Reforma,Inicial,Inicial,SMUL,RESID,Processo Físico
2013-08-22 09:09:26,2013-0.239.040-2,42979-16,Alvará de Aprovação de Edificação Nova,Inicial,Reconsideração,SMUL,RESID,Em Análise
2013-08-22 09:09:26,2013-0.239.040-2,13972-13,Alvará de Aprovação de Edificação Nova,Inicial,Inicial,SMUL,RESID,Indeferido
2013-08-22 09:10:06,2013-0.239.044-5,13219-13,Alvará de Aprovação de Reforma,Inicial,Inicial,SMUL,RESID,Processo Físico
2013-08-22 09:10:16,2013-0.239.045-3,14000-13,Alvará de Aprovação de Edificação Nova,Inicial,Inicial,SMUL,RESID,Processo Físico
2013-08-22 09:10:27,2013-0.239.048-8,13981-13,Alvará de Aprovação de Edificação Nova,Inicial,Inicial,SMUL,RESID,Processo Físico
2013-08-22 09:11:53,2013-0.239.053-4,14358-13,Alvará de Aprovação de Edificação Nova,Inicial,Inicial,SMUL,RESID,Processo Físico
2013-08-22 09:12:12,2013-0.239.057-7,14067-13,Alvará de Aprovação de Edificação Nova,Inicial,Inicial,SMUL,RESID,Processo Físico
2013-08-22 09:21:50,2013-0.239.081-0,13070-13,Alvará de Aprovação de Reforma,Inicial,Inicial,SMUL,RESID,Processo Físico
2013-08-22 09:21:53,2013-0.239.082-8,15120-13,Alvará de Aprovação de Reforma,Inicial,Inicial,SMUL,RESID,Em Análise
2013-08-22 09:22:10,2013-0.239.084-4,14702-13,Alvará de Aprovação de Edificação Nova,Inicial,Inicial,SMUL,RESID,Em Análise
2013-08-22 10:35:06,2013-0.239.308-8,13612-13,Alvará de Aprovação de Edificação Nova,Inicial,Inicial,SMUL,RESID,Processo Físico
2013-08-22 12:01:25,2013-0.239.697-4,14847-13,Alvará de Aprovação de Reforma,Inicial,Inicial,SMUL,RESID,Processo Físico
2013-08-22 12:01:47,2013-0.239.702-4,15221-13,Alvará de Aprovação de Reforma,Inicial,Inicial,SMUL,RESID,Processo Físico
2013-08-22 12:02:10,2013-0.239.706-7,16012-13,Alvará de Aprovação de Edificação Nova,Inicial,Inicial,SMUL,RESID,Processo Físico
2013-08-23 12:01:14,2013-0.241.397-6,14003-13,Alvará de Aprovação de Reforma,Inicial,Inicial,SMUL,RESID,Processo Físico
2013-08-23 12:04:48,2013-0.241.422-0,15855-13,Alvará de Aprovação de Edificação Nova,Inicial,Inicial,SMUL,RESID,Indeferido
2013-08-28 12:13:37,2013-0.246.224-1,15158-13,Alvará de Execução de Edificação Nova,Inicial,Inicial,SMUL,RESID,Indeferido
2013-08-28 12:16:47,2013-0.246.244-6,16812-13,Alvará de Execução de Reforma,Inicial,Inicial,SMUL,RESID,Indeferido
2013-09-04 12:04:24,2013-0.255.219-4,16563-13,Alvará de Aprovação de Edificação Nova,Inicial,Inicial,SMUL,RESID,Em Análise
2013-09-04 12:06:00,2013-0.255.235-6,16860-13,Alvará de Aprovação de Edificação Nova,Inicial,Inicial,SMUL,RESID,Em Análise
2013-09-04 12:07:52,2013-0.255.253-4,17178-13,Alvará de Aprovação de Edificação Nova,Inicial,Inicial,SMUL,RESID,Processo Físico
2013-09-04 12:24:44,2013-0.255.352-2,16960-13,Alvará de Execução de Edificação Nova,Inicial,Inicial,SMUL,RESID,Indeferido
2013-09-04 12:26:46,2013-0.255.378-6,17148-13,Alvará de Execução de Edificação Nova,Inicial,Inicial,SMUL,RESID,Indeferido
2013-09-11 12:02:39,2013-0.263.531-6,17296-13,Alvará de Aprovação de Edificação Nova,Inicial,Inicial,SMUL,RESID,Em Análise
2013-09-11 12:08:48,2013-0.263.608-8,17810-13,Alvará de Execução de Edificação Nova,Inicial,Inicial,SMUL,RESID,Indeferido
2013-09-11 12:22:16,2013-0.263.676-2,18065-13,Alvará de Execução de Edificação Nova,Inicial,Inicial,SMUL,RESID,Indeferido
2013-09-14 12:05:20,2013-0.268.008-7,16417-13,Alvará de Execução de Reforma,Inicial,Inicial,SMUL,RESID,Indeferido
2013-09-14 12:10:29,2013-0.268.024-9,17878-13,Alvará de Execução de Edificação Nova,Inicial,Inicial,SMUL,RESID,Indeferido
2013-09-18 12:04:43,2013-0.272.067-4,18695-13,Alvará de Aprovação de Reforma,Inicial,Inicial,SMUL,RESID,Em Análise
2013-09-21 12:01:31,2013-0.276.828-6,42551-16,Alvará de Aprovação de Edificação Nova,Inicial,Reconsideração,SMUL,RESID,Em Análise
2013-09-21 12:01:31,2013-0.276.828-6,16660-13,Alvará de Aprovação de Edificação Nova,Inicial,Inicial,SMUL,RESID,Indeferido
2013-09-21 12:04:13,2013-0.276.853-7,19220-13,Alvará de Aprovação de Edificação Nova,Inicial,Inicial,SMUL,RESID,Indeferido
2013-09-24 12:03:18,2013-0.279.505-4,19265-13,Alvará de Aprovação de Reforma,Inicial,Inicial,SMUL,RESID,Em Análise
2013-09-28 12:01:50,2013-0.286.482-0,18087-13,Alvará de Aprovação de Edificação Nova,Inicial,Inicial,SMUL,RESID,Em Análise
2013-09-28 12:03:18,2013-0.286.494-3,19474-13,Alvará de Aprovação de Edificação Nova,Inicial,Inicial,SMUL,RESID,Indeferido
2013-10-05 12:01:55,2013-0.296.141-8,19264-13,Alvará de Aprovação de Reforma,Inicial,Inicial,SMUL,RESID,Indeferido
2013-10-08 12:05:15,2013-0.298.898-7,18937-13,Alvará de Execução de Edificação Nova,Inicial,Inicial,SMUL,RESID,Indeferido
2013-10-10 12:03:11,2013-0.302.621-6,19619-13,Alvará de Aprovação de Reforma,Inicial,Inicial,SMUL,RESID,Indeferido
2013-10-10 12:20:36,2013-0.302.721-2,21177-13,Alvará de Execução de Reforma,Inicial,Inicial,SMUL,RESID,Indeferido
2013-10-11 12:16:26,2013-0.304.430-3,21493-13,Alvará de Execução de Reforma,Inicial,Inicial,SMUL,RESID,Indeferido
2013-10-11 12:29:39,2013-0.304.466-4,21994-13,Alvará de Execução de Reforma,Inicial,Inicial,SMUL,RESID,Em Análise
2013-10-15 12:04:56,2013-0.307.282-0,22112-13,Alvará de Aprovação de Edificação Nova,Inicial,Inicial,SMUL,RESID,Indeferido
2013-10-17 12:16:41,2013-0.310.093-9,20319-13,Alvará de Execução de Edificação Nova,Inicial,Inicial,SMUL,RESID,Indeferido
2013-10-18 12:09:40,2013-0.311.603-7,22071-13,Alvará de Aprovação de Reforma,Inicial,Inicial,SMUL,RESID,Processo Físico
2013-10-22 12:05:05,2013-0.314.248-8,22710-13,Alvará de Desdobro de Lote,Inicial,Inicial,SMUL,RESID,Em Análise
2013-10-22 12:05:56,2013-0.314.258-5,22705-13,Alvará de Aprovação de Edificação Nova,Inicial,Inicial,SMUL,RESID,Indeferido
2013-10-23 09:13:51,2013-0.315.310-2,22010-13,Alvará de Aprovação de Edificação Nova,Inicial,Inicial,SMUL,RESID,Processo Físico
2013-10-23 21:59:22,2013-0.316.747-2,21926-13,Alvará de Execução de Edificação Nova,Inicial,Inicial,SMUL,RESID,Indeferido
2013-10-25 12:08:55,2013-0.319.324-4,22804-13,Alvará de Aprovação de Edificação Nova,Inicial,Inicial,SMUL,RESID,Indeferido
2013-10-25 12:08:55,2013-0.319.324-4,42815-16,Alvará de Aprovação de Edificação Nova,Inicial,Reconsideração,SMUL,RESID,Em Análise
2013-10-25 13:08:40,2013-0.319.548-4,23285-13,Alvará de Execução de Edificação Nova,Inicial,Inicial,SMUL,RESID,Indeferido
2013-10-26 12:01:44,2013-0.320.101-8,22160-13,Alvará de Aprovação de Edificação Nova,Inicial,Inicial,SMUL,RESID,Indeferido
2013-10-30 12:05:37,2013-0.322.407-7,20979-13,Alvará de Aprovação de Edificação Nova,Inicial,Inicial,SMUL,RESID,Indeferido
2013-10-30 12:54:00,2013-0.322.745-9,23458-13,Alvará de Execução de Edificação Nova,Inicial,Inicial,SMUL,RESID,Indeferido
2013-10-30 14:13:09,2013-0.322.753-0,23274-13,Alvará de Aprovação de Edificação Nova,Inicial,Inicial,SMUL,RESID,Indeferido
2013-11-01 12:10:39,2013-0.325.677-7,24398-15,Alvará de Aprovação de Edificação Nova,Inicial,3º Recurso,SMUL,RESID,Em Análise
2013-11-06 12:01:34,2013-0.330.576-0,20335-13,Alvará de Aprovação de Reforma,Inicial,Inicial,SMUL,RESID,Indeferido
2013-11-06 12:02:57,2013-0.330.593-0,22686-13,Alvará de Aprovação de Edificação Nova,Inicial,Inicial,SMUL,RESID,Processo Físico
2013-11-07 12:26:08,2013-0.332.122-6,24344-13,Alvará de Execução de Edificação Nova,Inicial,Inicial,SMUL,RESID,Indeferido
2013-11-08 12:07:52,2013-0.333.591-0,24467-13,Alvará de Aprovação de Reforma,Inicial,Inicial,SMUL,RESID,Indeferido
2013-11-12 12:10:30,2013-0.336.418-9,24637-13,Alvará de Aprovação de Edificação Nova,Inicial,Inicial,SMUL,RESID,Indeferido
2013-11-12 12:14:12,2013-0.336.439-1,24658-13,Alvará de Aprovação de Edificação Nova,Inicial,Inicial,SMUL,RESID,Indeferido
2013-11-13 12:21:13,2013-0.338.018-4,23440-13,Alvará de Execução de Edificação Nova,Inicial,Inicial,SMUL,RESID,Em Análise
2013-11-19 12:03:40,2013-0.342.122-0,24826-13,Alvará de Aprovação de Edificação Nova,Inicial,Inicial,SMUL,RESID,Em Análise
2013-11-26 12:05:01,2013-0.348.260-2,25047-13,Alvará de Aprovação de Edificação Nova,Inicial,Inicial,SMUL,RESID,Indeferido
2013-11-26 12:09:31,2013-0.348.295-5,25591-13,Alvará de Aprovação de Edificação Nova,Inicial,Inicial,SMUL,RESID,Processo Físico
2013-11-29 12:08:48,2013-0.352.993-5,25983-13,Alvará de Execução de Edificação Nova,Inicial,Inicial,SMUL,RESID,Em Análise
2013-11-30 12:31:25,2013-0.353.736-9,26167-13,Alvará de Execução de Edificação Nova,Inicial,Inicial,SMUL,RESID,Indeferido
2013-12-03 16:03:46,2013-0.356.504-4,24400-13,Alvará de Aprovação de Edificação Nova,Inicial,Inicial,SMUL,RESID,Indeferido
2013-12-06 11:35:22,2013-0.360.307-8,26444-13,Alvará de Aprovação de Reforma,Inicial,Inicial,SMUL,RESID,Em Análise
2013-12-11 10:57:14,2013-0.364.513-7,23883-13,Alvará de Aprovação de Edificação Nova,Inicial,Inicial,SMUL,RESID,Processo Físico
2013-12-11 10:57:43,2013-0.364.515-3,25597-13,Alvará de Licença para Residências Unifamiliares,Inicial,Inicial,SMUL,RESID,Em Análise
2013-12-11 12:09:34,2013-0.364.810-1,24684-13,Alvará de Execução de Reforma,Inicial,Inicial,SMUL,RESID,Indeferido
2013-12-12 12:01:04,2013-0.366.317-8,25453-13,Alvará de Aprovação de Edificação Nova,Inicial,Inicial,SMUL,RESID,Indeferido
2013-12-12 12:13:14,2013-0.366.417-4,27215-13,Alvará de Execução de Reforma,Inicial,Inicial,SMUL,RESID,Indeferido
2013-12-17 12:03:14,2013-0.370.533-4,27567-13,Alvará de Aprovação de Edificação Nova,Inicial,Inicial,SMUL,RESID,Processo Físico
2013-12-17 12:13:21,2013-0.370.588-1,27627-13,Alvará de Execução de Edificação Nova,Inicial,Inicial,SMUL,RESID,Indeferido
2013-12-17 12:13:21,2013-0.370.588-1,41659-16,Alvará de Execução de Edificação Nova,Inicial,Reconsideração,SMUL,RESID,Em Análise
2013-12-18 12:05:57,2013-0.372.039-2,26771-13,Alvará de Aprovação de Edificação Nova,Inicial,Inicial,SMUL,RESID,Indeferido
2013-12-18 12:27:14,2013-0.372.133-0,27748-13,Alvará de Execução de Reforma,Inicial,Inicial,SMUL,RESID,Indeferido
2013-12-19 12:06:59,2013-0.373.791-0,26403-13,Alvará de Aprovação de Edificação Nova,Inicial,Inicial,SMUL,RESID,Em Análise
2013-12-23 16:29:28,2013-0.377.878-1,27137-13,Alvará de Execução de Edificação Nova,Inicial,Inicial,SMUL,RESID,Indeferido
2013-12-27 12:15:33,2013-0.379.639-9,26732-13,Alvará de Execução de Edificação Nova,Inicial,Inicial,SMUL,RESID,Processo Físico
2013-12-30 16:35:19,2013-0.380.660-2,26909-13,Alvará de Aprovação de Reforma,Inicial,Inicial,SMUL,RESID,Indeferido
2013-12-30 16:53:19,2013-0.322.747-5,23111-13,Alvará de Aprovação de Edificação Nova,Inicial,Inicial,SMUL,RESID,Indeferido
2014-01-04 12:08:07,2014-0.001.792-7,26991-13,Alvará de Aprovação de Edificação Nova,Inicial,Inicial,SMUL,RESID,Em Análise
2014-01-09 12:01:15,2014-0.006.606-5,28555-13,Alvará de Aprovação de Edificação Nova,Inicial,Inicial,SMUL,RESID,Em Análise
2014-01-17 12:07:43,2014-0.015.032-5,301-14,Alvará de Aprovação de Edificação Nova,Inicial,Inicial,SMUL,RESID,Em Análise
2014-01-17 12:07:47,2014-0.015.033-3,28779-13,Alvará de Aprovação de Reforma,Inicial,Inicial,SMUL,RESID,Indeferido
2014-01-18 12:03:35,2014-0.015.930-6,668-14,Alvará de Aprovação de Reforma,Inicial,Inicial,SMUL,RESID,Indeferido
2014-01-21 12:07:24,2014-0.017.935-8,972-14,Alvará de Aprovação de Edificação Nova,Inicial,Inicial,SMUL,RESID,Processo Físico
2014-01-23 12:29:52,2014-0.021.080-8,451-14,Alvará de Execução de Edificação Nova,Inicial,Inicial,SMUL,RESID,Em Análise
2014-01-24 12:03:05,2014-0.022.504-0,1504-14,Alvará de Aprovação de Edificação Nova,Inicial,Inicial,SMUL,RESID,Processo Físico
2014-01-29 12:33:03,2014-0.027.472-5,1922-14,Alvará de Execução de Edificação Nova,Inicial,Inicial,SMUL,RESID,Indeferido
2014-02-08 12:07:31,2014-0.038.869-0,28541-13,Alvará de Aprovação de Edificação Nova,Inicial,Inicial,SMUL,RESID,Processo Físico
2014-02-08 12:09:07,2014-0.038.876-3,3042-14,Alvará de Aprovação de Edificação Nova,Inicial,Inicial,SMUL,RESID,Indeferido
2014-02-10 08:36:13,2014-0.038.958-1,1674-14,Alvará de Aprovação de Edificação Nova,Inicial,Inicial,SMUL,RESID,Processo Físico
2014-02-10 08:38:12,2014-0.038.968-9,1815-14,Alvará de Aprovação de Edificação Nova,Inicial,Inicial,SMUL,RESID,Indeferido
2014-02-10 08:46:16,2014-0.039.046-6,2194-14,Alvará de Aprovação de Edificação Nova,Inicial,Inicial,SMUL,RESID,Indeferido
2014-02-10 09:11:32,2014-0.039.250-7,2643-14,Alvará de Execução de Reforma,Inicial,Inicial,SMUL,RESID,Indeferido
2014-02-10 14:47:47,2014-0.040.170-0,27861-13,Alvará de Aprovação de Reforma,Inicial,Inicial,SMUL,RESID,Indeferido
2014-02-13 14:11:30,2014-0.044.567-8,1744-14,Alvará de Execução de Reforma,Inicial,Inicial,SMUL,RESID,Indeferido
2014-02-14 08:20:16,2014-0.045.219-4,943-14,Alvará de Aprovação de Reforma,Inicial,Inicial,SMUL,RESID,Em Análise
2014-02-14 14:24:15,2014-0.046.200-9,3481-14,Alvará de Execução de Edificação Nova,Inicial,Inicial,SMUL,RESID,Indeferido
2014-02-20 10:35:53,2014-0.051.742-3,28715-13,Alvará de Licença para Residências Unifamiliares,Inicial,Inicial,SMUL,RESID,Indeferido
2014-02-20 10:40:54,2014-0.051.776-8,3163-14,Alvará de Aprovação de Reforma,Inicial,Inicial,SMUL,RESID,Em Análise
2014-02-20 11:14:46,2014-0.051.946-9,3477-14,Alvará de Execução de Edificação Nova,Inicial,Inicial,SMUL,RESID,Indeferido
2014-02-22 12:22:03,2014-0.054.620-2,4286-14,Alvará de Execução de Reforma,Inicial,Inicial,SMUL,RESID,Em Análise
2014-02-26 12:06:09,2014-0.058.040-0,4942-14,Alvará de Aprovação de Edificação Nova,Inicial,Inicial,SMUL,RESID,Indeferido
2014-02-26 12:10:23,2014-0.058.077-0,4777-14,Alvará de Execução de Reforma,Inicial,Inicial,SMUL,RESID,Em Análise
2014-03-11 09:20:28,2014-0.067.520-7,4361-14,Alvará de Aprovação de Edificação Nova,Inicial,Inicial,SMUL,RESID,Indeferido
2014-03-11 12:04:42,2014-0.068.073-1,3546-14,Alvará de Aprovação de Reforma,Inicial,Inicial,SMUL,RESID,Processo Físico
2014-03-11 12:05:39,2014-0.068.077-4,5803-14,Alvará de Aprovação de Edificação Nova,Inicial,Inicial,SMUL,RESID,Em Análise
2014-03-11 12:13:23,2014-0.068.120-7,5296-14,Alvará de Execução de Edificação Nova,Inicial,Inicial,SMUL,RESID,Indeferido
2014-03-15 12:02:28,2014-0.073.617-6,4381-14,Alvará de Aprovação de Edificação Nova,Inicial,Inicial,SMUL,RESID,Indeferido
2014-03-19 12:02:57,2014-0.077.165-6,5722-14,Alvará de Aprovação de Edificação Nova,Inicial,Inicial,SMUL,RESID,Indeferido
2014-03-21 12:02:52,2014-0.080.110-5,5884-14,Alvará de Aprovação de Reforma,Inicial,Inicial,SMUL,RESID,Em Análise
2014-03-22 12:55:04,2014-0.080.790-1,7095-14,Alvará de Execução de Edificação Nova,Inicial,Inicial,SMUL,RESID,Indeferido
2014-03-22 12:55:04,2014-0.080.790-1,40345-16,Alvará de Execução de Edificação Nova,Inicial,Reconsideração,SMUL,RESID,Em Análise
2014-03-25 10:23:14,2014-0.082.850-0,6925-14,Alvará de Aprovação de Edificação Nova,Inicial,Inicial,SMUL,RESID,Indeferido
2014-03-25 10:23:54,2014-0.082.857-7,6507-14,Alvará de Remembramento de Lote,Inicial,Inicial,SMUL,RESID,Indeferido
2014-03-25 10:32:53,2014-0.082.930-1,6504-14,Alvará de Execução de Edificação Nova,Inicial,Inicial,SMUL,RESID,Indeferido
2014-03-26 12:11:05,2014-0.084.937-0,41781-16,Alvará de Aprovação de Reforma,Inicial,Reconsideração,SMUL,RESID,Em Análise
2014-03-26 12:11:05,2014-0.084.937-0,7613-14,Alvará de Aprovação de Reforma,Inicial,Inicial,SMUL,RESID,Indeferido
2014-03-31 12:03:59,2014-0.089.637-8,7826-14,Alvará de Aprovação de Edificação Nova,Inicial,Inicial,SMUL,RESID,Em Análise
2014-04-02 12:13:29,2014-0.093.553-5,7341-14,Alvará de Aprovação de Edificação Nova,Inicial,Inicial,SMUL,RESID,Indeferido
2014-04-02 12:29:46,2014-0.093.645-0,8433-14,Alvará de Execução de Edificação Nova,Inicial,Inicial,SMUL,RESID,Indeferido
2014-04-09 12:08:31,2014-0.102.005-0,6335-14,Alvará de Aprovação de Edificação Nova,Inicial,Inicial,SMUL,RESID,Em Análise
2014-04-09 12:09:20,2014-0.102.014-0,9039-14,Alvará de Remembramento de Lote,Inicial,Inicial,SMUL,RESID,Em Análise
2014-04-09 12:26:04,2014-0.102.142-1,9035-14,Alvará de Execução de Edificação Nova,Inicial,Inicial,SMUL,RESID,Indeferido
2014-04-10 12:04:56,2014-0.103.675-5,9533-14,Alvará de Aprovação de Reforma,Inicial,Inicial,SMUL,RESID,Indeferido
2014-04-10 12:05:19,2014-0.103.680-1,9475-14,Alvará de Aprovação de Edificação Nova,Inicial,Inicial,SMUL,RESID,Em Análise
2014-04-11 12:06:08,2014-0.105.181-9,9468-14,Alvará de Aprovação de Edificação Nova,Inicial,Inicial,SMUL,RESID,Processo Físico
2014-04-16 12:01:57,2014-0.109.519-0,9775-14,Alvará de Aprovação de Edificação Nova,Inicial,Inicial,SMUL,RESID,Em Análise
2014-04-22 07:31:22,2014-0.112.091-8,10412-14,Alvará de Aprovação de Reforma,Inicial,Inicial,SMUL,RESID,Indeferido
2014-04-22 07:31:28,2014-0.112.092-6,9735-14,Alvará de Aprovação de Reforma,Inicial,Inicial,SMUL,RESID,Indeferido
2014-04-23 12:04:45,2014-0.114.130-3,9961-14,Alvará de Aprovação de Edificação Nova,Inicial,Inicial,SMUL,RESID,Indeferido
2014-04-29 13:13:52,2014-0.120.673-1,9357-14,Alvará de Execução de Reforma,Inicial,Inicial,SMUL,RESID,Indeferido
2014-05-07 12:02:58,2014-0.126.853-2,8802-14,Alvará de Aprovação de Reforma,Inicial,Inicial,SMUL,RESID,Indeferido
2014-05-07 12:05:44,2014-0.126.874-5,10543-14,Alvará de Aprovação de Edificação Nova,Inicial,Inicial,SMUL,RESID,Em Análise
2014-05-07 12:08:01,2014-0.126.882-6,10478-14,Alvará de Aprovação de Edificação Nova,Inicial,Inicial,SMUL,RESID,Em Análise
2014-05-07 12:09:05,2014-0.126.888-5,11046-14,Alvará de Aprovação de Edificação Nova,Inicial,Inicial,SMUL,RESID,Em Análise
2014-05-08 12:10:15,2014-0.128.721-9,9193-14,Alvará de Aprovação de Edificação Nova,Inicial,Inicial,SMUL,RESID,Em Análise
2014-05-14 12:02:07,2014-0.134.924-9,11217-14,Alvará de Aprovação de Reforma,Inicial,Inicial,SMUL,RESID,Processo Físico
2014-05-15 12:03:39,2014-0.136.610-0,12660-14,Alvará de Aprovação de Reforma,Inicial,Inicial,SMUL,RESID,Indeferido
2014-05-15 12:03:53,2014-0.136.613-5,12548-14,Alvará de Aprovação de Reforma,Inicial,Inicial,SMUL,RESID,Em Análise
2014-05-16 12:15:58,2014-0.138.171-1,12560-14,Alvará de Execução de Edificação Nova,Inicial,Inicial,SMUL,RESID,Indeferido
2014-05-22 12:03:47,2014-0.143.319-3,43019-16,Alvará de Aprovação de Edificação Nova,Inicial,Reconsideração,SMUL,RESID,Em Análise
2014-05-22 12:03:47,2014-0.143.319-3,12201-14,Alvará de Aprovação de Edificação Nova,Inicial,Inicial,SMUL,RESID,Indeferido
2014-05-27 12:05:24,2014-0.148.034-5,13800-14,Alvará de Aprovação de Edificação Nova,Inicial,Inicial,SMUL,RESID,Em Análise
2014-05-28 12:09:22,2014-0.149.574-1,13135-14,Alvará de Aprovação de Edificação Nova,Inicial,Inicial,SMUL,RESID,Em Análise
2014-06-02 12:02:55,2014-0.153.768-1,14465-14,Alvará de Aprovação de Edificação Nova,Inicial,Inicial,SMUL,RESID,Em Análise
2014-06-02 12:22:07,2014-0.153.883-1,14475-14,Alvará de Execução de Edificação Nova,Inicial,Inicial,SMUL,RESID,Em Análise
2014-06-09 12:31:59,2014-0.160.874-0,15175-14,Alvará de Execução de Edificação Nova,Inicial,Inicial,SMUL,RESID,Em Análise
2014-06-10 12:45:49,2014-0.162.225-5,12217-14,Alvará de Execução de Reforma,Inicial,Inicial,SMUL,RESID,Indeferido
2014-06-11 12:02:41,2014-0.163.860-7,12711-14,Alvará de Aprovação de Reforma,Inicial,Inicial,SMUL,RESID,Indeferido
2014-06-18 12:01:29,2014-0.169.434-5,14535-14,Alvará de Aprovação de Edificação Nova,Inicial,Inicial,SMUL,RESID,Em Análise
2014-06-18 12:06:05,2014-0.169.476-0,15596-14,Alvará de Aprovação de Edificação Nova,Inicial,Inicial,SMUL,RESID,Em Análise
2014-06-18 12:06:51,2014-0.169.483-3,13415-14,Alvará de Aprovação de Reforma,Inicial,Inicial,SMUL,RESID,Indeferido
2014-06-18 12:52:08,2014-0.169.636-4,15214-14,Alvará de Execução de Reforma,Inicial,Inicial,SMUL,RESID,Indeferido
2014-06-30 12:07:36,2014-0.177.244-3,12895-14,Alvará de Aprovação de Edificação Nova,Inicial,Inicial,SMUL,RESID,Indeferido
2014-06-30 12:21:54,2014-0.177.385-7,14967-14,Alvará de Execução de Edificação Nova,Inicial,Inicial,SMUL,RESID,Indeferido
2014-07-02 12:07:07,2014-0.180.704-2,42685-16,Alvará de Aprovação de Edificação Nova,Inicial,Reconsideração,SMUL,RESID,Em Análise
2014-07-02 12:07:07,2014-0.180.704-2,16963-14,Alvará de Aprovação de Edificação Nova,Inicial,Inicial,SMUL,RESID,Indeferido
2014-07-02 14:29:39,2014-0.181.123-6,21991-13,Alvará de Aprovação de Reforma,Inicial,Inicial,SMUL,RESID,Indeferido
2014-07-08 12:02:58,2014-0.186.177-2,17512-14,Alvará de Aprovação de Edificação Nova,Inicial,Inicial,SMUL,RESID,Indeferido
2014-07-15 12:05:20,2014-0.191.270-9,18108-14,Alvará de Aprovação de Edificação Nova,Inicial,Inicial,SMUL,RESID,Processo Físico
2014-07-16 12:02:21,2014-0.192.774-9,18490-14,Alvará de Aprovação de Edificação Nova,Inicial,Inicial,SMUL,RESID,Em Análise
2014-07-16 12:06:15,2014-0.192.811-7,17992-14,Alvará de Aprovação de Reforma,Inicial,Inicial,SMUL,RESID,Indeferido
2014-07-17 12:15:01,2014-0.194.488-0,18322-14,Alvará de Execução de Edificação Nova,Inicial,Inicial,SMUL,RESID,Em Análise
2014-07-17 12:30:12,2014-0.194.515-1,16948-14,Alvará de Execução de Edificação Nova,Inicial,Inicial,SMUL,RESID,Em Análise
2014-07-22 12:03:47,2014-0.199.033-5,18995-14,Alvará de Aprovação de Edificação Nova,Inicial,Inicial,SMUL,RESID,Indeferido
2014-07-25 12:05:15,2014-0.203.781-0,19112-14,Alvará de Aprovação de Edificação Nova,Inicial,Inicial,SMUL,RESID,Em Análise
2014-07-25 13:00:23,2014-0.203.988-0,19613-14,Alvará de Execução de Edificação Nova,Inicial,Inicial,SMUL,RESID,Em Análise
2014-07-25 13:00:23,2014-0.203.989-8,19616-14,Alvará de Execução de Edificação Nova,Inicial,Inicial,SMUL,RESID,Em Análise
2014-07-25 15:24:47,2014-0.204.331-3,41789-16,Alvará de Aprovação de Reforma,Inicial,Reconsideração,SMUL,RESID,Em Análise
2014-07-25 15:24:47,2014-0.204.331-3,16109-14,Alvará de Aprovação de Reforma,Inicial,Inicial,SMUL,RESID,Indeferido
2014-07-28 12:02:40,2014-0.205.279-7,17660-14,Alvará de Aprovação de Reforma,Inicial,Inicial,SMUL,RESID,Indeferido
2014-07-28 13:22:36,2014-0.205.522-2,19462-14,Alvará de Execução de Reforma,Inicial,Inicial,SMUL,RESID,Indeferido
2014-07-29 12:16:20,2014-0.206.858-8,16931-14,Alvará de Execução de Edificação Nova,Inicial,Inicial,SMUL,RESID,Em Análise
2014-08-01 12:05:33,2014-0.211.824-0,20472-14,Alvará de Aprovação de Reforma,Inicial,Inicial,SMUL,RESID,Indeferido
2014-08-01 12:06:01,2014-0.211.830-5,20539-14,Alvará de Aprovação de Edificação Nova,Inicial,Inicial,SMUL,RESID,Em Análise
2014-08-01 12:07:03,2014-0.211.839-9,18235-14,Alvará de Aprovação de Edificação Nova,Inicial,Inicial,SMUL,RESID,Em Análise
2014-08-04 12:04:24,2014-0.213.233-2,20548-14,Alvará de Aprovação de Reforma,Inicial,Inicial,SMUL,RESID,Indeferido
2014-08-04 12:07:08,2014-0.213.247-2,19263-14,Alvará de Aprovação de Reforma,Inicial,Inicial,SMUL,RESID,Indeferido
2014-08-05 12:04:27,2014-0.214.776-3,20951-14,Alvará de Aprovação de Edificação Nova,Inicial,Inicial,SMUL,RESID,Em Análise
2014-08-06 12:22:48,2014-0.216.279-7,20837-14,Alvará de Execução de Edificação Nova,Inicial,Inicial,SMUL,RESID,Indeferido
2014-08-18 12:04:01,2014-0.228.477-9,22044-14,Alvará de Aprovação de Edificação Nova,Inicial,Inicial,SMUL,RESID,Indeferido
2014-08-18 12:12:40,2014-0.228.570-8,22447-14,Alvará de Aprovação de Reforma,Inicial,Inicial,SMUL,RESID,Indeferido
2014-08-18 12:36:39,2014-0.228.666-6,22014-14,Alvará de Execução de Edificação Nova,Inicial,Inicial,SMUL,RESID,Indeferido
2014-08-18 12:42:05,2014-0.228.687-9,22067-14,Alvará de Execução de Edificação Nova,Inicial,Inicial,SMUL,RESID,Em Análise
2014-08-20 12:03:18,2014-0.231.504-6,22177-14,Alvará de Aprovação de Reforma,Inicial,Inicial,SMUL,RESID,Indeferido
2014-08-22 12:01:42,2014-0.234.765-7,20811-14,Alvará de Aprovação de Edificação Nova,Inicial,Inicial,SMUL,RESID,Em Análise
2014-08-28 12:02:14,2014-0.240.858-3,22772-14,Alvará de Aprovação de Edificação Nova,Inicial,Inicial,SMUL,RESID,Em Análise
2014-08-28 12:02:28,2014-0.240.861-3,19083-14,Alvará de Aprovação de Edificação Nova,Inicial,Inicial,SMUL,RESID,Indeferido
2014-08-28 12:22:07,2014-0.240.980-6,42648-16,Alvará de Execução de Edificação Nova,Inicial,Reconsideração,SMUL,RESID,Em Análise
2014-08-28 12:22:07,2014-0.240.980-6,21028-14,Alvará de Execução de Edificação Nova,Inicial,Inicial,SMUL,RESID,Indeferido
2014-09-03 12:01:14,2014-0.247.254-0,21136-14,Alvará de Aprovação de Edificação Nova,Inicial,Inicial,SMUL,RESID,Indeferido
2014-09-05 08:41:09,2014-0.250.080-3,527-14,Alvará de Aprovação de Edificação Nova,Inicial,Inicial,SMUL,RESID,Indeferido
2014-09-05 12:03:04,2014-0.250.629-1,21683-14,Alvará de Aprovação de Edificação Nova,Inicial,Inicial,SMUL,RESID,Em Análise
2014-09-10 11:05:12,2014-0.254.722-2,25130-14,Alvará de Execução de Edificação Nova,Inicial,Inicial,SMUL,RESID,Indeferido
2014-09-10 12:02:11,2014-0.254.951-9,22052-14,Alvará de Aprovação de Edificação Nova,Inicial,Inicial,SMUL,RESID,Indeferido
2014-09-15 12:26:06,2014-0.259.522-7,25764-14,Alvará de Execução de Edificação Nova,Inicial,Inicial,SMUL,RESID,Em Análise
2014-09-17 12:04:23,2014-0.262.589-4,22304-14,Alvará de Aprovação de Edificação Nova,Inicial,Inicial,SMUL,RESID,Em Análise
2014-09-18 12:01:04,2014-0.264.095-8,22148-14,Alvará de Aprovação de Reforma,Inicial,Inicial,SMUL,RESID,Em Análise
2014-09-18 12:02:14,2014-0.264.114-8,25838-14,Alvará de Aprovação de Reforma,Inicial,Inicial,SMUL,RESID,Em Análise
2014-09-23 15:22:27,2014-0.268.899-3,19027-14,Alvará de Aprovação de Edificação Nova,Inicial,Inicial,SMUL,RESID,Em Análise
2014-09-29 12:01:05,2014-0.274.820-1,24910-14,Alvará de Aprovação de Reforma,Inicial,Inicial,SMUL,RESID,Processo Físico
2014-09-30 12:01:26,2014-0.276.131-3,26832-14,Alvará de Aprovação de Edificação Nova,Inicial,Inicial,SMUL,RESID,Em Análise
2014-09-30 12:07:38,2014-0.276.223-9,41698-16,Alvará de Aprovação de Reforma,Inicial,Reconsideração,SMUL,RESID,Em Análise
2014-09-30 12:07:38,2014-0.276.223-9,27098-14,Alvará de Aprovação de Reforma,Inicial,Inicial,SMUL,RESID,Indeferido
2014-10-03 12:06:46,2014-0.280.450-0,27634-14,Alvará de Aprovação de Edificação Nova,Inicial,Inicial,SMUL,RESID,Processo Físico
2014-10-03 12:07:20,2014-0.280.457-8,27376-14,Alvará de Aprovação de Edificação Nova,Inicial,Inicial,SMUL,RESID,Indeferido
2014-10-03 12:09:51,2014-0.280.476-4,24463-14,Alvará de Aprovação de Reforma,Inicial,Inicial,SMUL,RESID,Em Análise
2014-10-08 12:08:29,2014-0.284.594-0,28329-14,Alvará de Aprovação de Reforma,Inicial,Inicial,SMUL,RESID,Em Análise
2014-10-08 12:34:19,2014-0.284.661-0,28244-14,Alvará de Execução de Edificação Nova,Inicial,Inicial,SMUL,RESID,Em Análise
2014-10-09 12:05:03,2014-0.286.052-4,28521-14,Alvará de Aprovação de Reforma,Inicial,Inicial,SMUL,RESID,Indeferido
2014-10-13 12:04:30,2014-0.288.711-2,28983-14,Alvará de Aprovação de Edificação Nova,Inicial,Inicial,SMUL,RESID,Indeferido
2014-10-20 12:04:32,2014-0.294.922-3,28775-14,Alvará de Aprovação de Reforma,Inicial,Inicial,SMUL,RESID,Indeferido
2014-10-20 12:05:46,2014-0.294.944-4,28973-14,Alvará de Aprovação de Reforma,Inicial,Inicial,SMUL,RESID,Processo Físico
2014-10-20 12:27:33,2014-0.295.062-0,29702-14,Alvará de Execução de Edificação Nova,Inicial,Inicial,SMUL,RESID,Em Análise
2014-10-20 12:35:57,2014-0.295.078-7,29867-14,Alvará de Execução de Edificação Nova,Inicial,Inicial,SMUL,RESID,Indeferido
2014-10-20 12:49:30,2014-0.295.108-2,28792-14,Alvará de Execução de Reforma,Inicial,Inicial,SMUL,RESID,Indeferido
2014-10-22 18:01:33,2014-0.298.735-4,28505-14,Alvará de Aprovação de Edificação Nova,Inicial,Inicial,SMUL,RESID,Em Análise
2014-10-22 18:01:52,2014-0.298.741-9,29716-14,Alvará de Aprovação de Edificação Nova,Inicial,Inicial,SMUL,RESID,Indeferido
2014-10-28 18:04:25,2014-0.305.139-5,30730-14,Alvará de Aprovação de Reforma,Inicial,Inicial,SMUL,RESID,Indeferido
2014-10-30 18:03:02,2014-0.308.175-8,27639-14,Alvará de Aprovação de Reforma,Inicial,Inicial,SMUL,RESID,Indeferido
2014-11-04 18:01:00,2014-0.311.537-7,28768-14,Alvará de Aprovação de Reforma,Inicial,Inicial,SMUL,RESID,Em Análise
2014-11-04 18:01:59,2014-0.311.554-7,25590-14,Alvará de Aprovação de Edificação Nova,Inicial,Inicial,SMUL,RESID,Indeferido
2014-11-04 18:03:10,2014-0.311.566-0,31397-14,Alvará de Aprovação de Reforma,Inicial,Inicial,SMUL,RESID,Indeferido
2014-11-05 18:20:49,2014-0.313.284-0,28670-14,Alvará de Execução de Reforma,Inicial,Inicial,SMUL,RESID,Indeferido
2014-11-07 18:03:49,2014-0.316.581-1,31758-14,Alvará de Aprovação de Edificação Nova,Inicial,Inicial,SMUL,RESID,Processo Físico
2014-11-10 14:30:43,2014-0.317.589-2,30871-14,Alvará de Execução de Reforma,Inicial,Inicial,SMUL,RESID,Indeferido
2014-11-11 18:03:46,2014-0.319.984-8,32090-14,Alvará de Aprovação de Reforma,Inicial,Inicial,SMUL,RESID,Indeferido
2014-11-11 18:07:26,2014-0.320.002-1,31756-14,Alvará de Aprovação de Edificação Nova,Inicial,Inicial,SMUL,RESID,Em Análise
2014-11-11 18:48:37,2014-0.320.013-7,42673-16,Alvará de Execução de Edificação Nova,Inicial,Reconsideração,SMUL,RESID,Em Análise
2014-11-11 18:48:37,2014-0.320.013-7,30373-14,Alvará de Execução de Edificação Nova,Inicial,Inicial,SMUL,RESID,Indeferido
2014-11-14 18:03:13,2014-0.324.516-5,30881-14,Alvará de Aprovação de Edificação Nova,Inicial,Inicial,SMUL,RESID,Indeferido
2014-11-14 18:05:14,2014-0.324.531-9,30913-14,Alvará de Aprovação de Reforma,Inicial,Inicial,SMUL,RESID,Em Análise
2014-11-24 14:23:54,2014-0.329.532-4,30870-14,Alvará de Execução de Reforma,Inicial,Inicial,SMUL,RESID,Indeferido
2014-11-24 14:23:54,2014-0.329.532-4,40305-16,Alvará de Execução de Reforma,Inicial,Reconsideração,SMUL,RESID,Em Análise
2014-11-25 18:01:50,2014-0.331.324-1,33613-14,Alvará de Aprovação de Edificação Nova,Inicial,Inicial,SMUL,RESID,Indeferido
2014-11-26 18:13:11,2014-0.332.641-6,33879-14,Alvará de Execução de Edificação Nova,Inicial,Inicial,SMUL,RESID,Em Análise
2014-11-27 18:00:42,2014-0.334.033-8,30823-14,Alvará de Aprovação de Reforma,Inicial,Inicial,SMUL,RESID,Indeferido
2014-11-27 18:00:51,2014-0.334.035-4,34056-14,Alvará de Aprovação de Reforma,Inicial,Inicial,SMUL,RESID,Indeferido
2014-11-27 18:01:32,2014-0.334.050-8,29316-14,Alvará de Aprovação de Edificação Nova,Inicial,Inicial,SMUL,RESID,Em Análise
2014-11-28 18:29:59,2014-0.335.406-1,41107-16,Alvará de Execução de Reforma,Inicial,Reconsideração,SMUL,RESID,Em Análise
2014-11-28 18:29:59,2014-0.335.406-1,34134-14,Alvará de Execução de Reforma,Inicial,Inicial,SMUL,RESID,Indeferido
2014-12-04 18:02:03,2014-0.341.347-5,33910-14,Alvará de Aprovação de Edificação Nova,Inicial,Inicial,SMUL,RESID,Em Análise
2014-12-04 19:19:37,2014-0.341.427-7,34857-14,Alvará de Execução de Edificação Nova,Inicial,Inicial,SMUL,RESID,Em Análise
2014-12-10 18:26:36,2014-0.346.919-5,35146-14,Alvará de Execução de Edificação Nova,Inicial,Inicial,SMUL,RESID,Indeferido
2014-12-23 18:04:04,2014-0.358.448-2,37174-14,Alvará de Aprovação de Edificação Nova,Inicial,Inicial,SMUL,RESID,Indeferido
2014-12-29 18:01:14,2014-0.359.686-3,34526-14,Alvará de Aprovação de Edificação Nova,Inicial,Inicial,SMUL,RESID,Indeferido
2015-01-05 12:17:14,2015-0.000.785-0,37663-14,Alvará de Aprovação de Edificação Nova,Inicial,Inicial,SMUL,RESID,Em Análise
2015-01-06 18:01:51,2015-0.002.906-4,34553-14,Alvará de Aprovação de Edificação Nova,Inicial,Inicial,SMUL,RESID,Indeferido
2015-01-06 18:25:22,2015-0.002.959-5,38287-14,Alvará de Aprovação de Edificação Nova,Inicial,Inicial,SMUL,RESID,Em Análise
2015-01-20 18:36:35,2015-0.014.960-4,1245-15,Alvará de Execução de Edificação Nova,Inicial,Inicial,SMUL,RESID,Indeferido
2015-01-22 18:05:35,2015-0.017.198-7,1558-15,Alvará de Aprovação de Reforma,Inicial,Inicial,SMUL,RESID,Indeferido
2015-01-30 18:05:11,2015-0.025.746-6,1898-15,Alvará de Aprovação de Edificação Nova,Inicial,Inicial,SMUL,RESID,Indeferido
2015-01-30 18:08:42,2015-0.025.754-7,2740-15,Alvará de Aprovação de Edificação Nova,Inicial,Inicial,SMUL,RESID,Em Análise
2015-01-30 18:42:27,2015-0.025.775-0,1163-15,Alvará de Execução de Reforma,Inicial,Inicial,SMUL,RESID,Processo Físico
2015-02-04 10:05:52,2015-0.028.695-4,25945-14,Alvará de Aprovação de Edificação Nova,Inicial,Inicial,SMUL,RESID,Indeferido
2015-02-04 18:02:31,2015-0.030.035-3,2901-15,Alvará de Aprovação de Edificação Nova,Inicial,Inicial,SMUL,RESID,Processo Físico
2015-02-10 18:03:37,2015-0.035.766-5,3682-15,Alvará de Desdobro de Lote,Inicial,Inicial,SMUL,RESID,Indeferido
2015-02-19 21:50:53,2015-0.042.357-9,5216-15,Alvará de Desdobro de Lote,Inicial,Inicial,SMUL,RESID,Em Análise
2015-02-20 18:01:56,2015-0.043.695-6,4753-15,Alvará de Aprovação de Edificação Nova,Inicial,Inicial,SMUL,RESID,Processo Físico
2015-02-23 18:05:20,2015-0.045.656-6,620-15,Alvará de Aprovação de Edificação Nova,Inicial,Inicial,SMUL,RESID,Em Análise
2015-02-23 18:08:33,2015-0.045.670-1,4250-15,Alvará de Aprovação de Edificação Nova,Inicial,Inicial,SMUL,RESID,Indeferido
2015-02-26 18:53:57,2015-0.050.139-1,6031-15,Alvará de Execução de Edificação Nova,Inicial,Inicial,SMUL,RESID,Em Análise
2015-02-26 19:21:14,2015-0.050.164-2,6703-15,Alvará de Execução de Edificação Nova,Inicial,Inicial,SMUL,RESID,Em Análise
2015-03-02 18:17:23,2015-0.053.332-3,6634-15,Alvará de Execução de Reforma,Inicial,Inicial,SMUL,RESID,Indeferido
2015-03-03 18:08:50,2015-0.054.730-8,6892-15,Alvará de Aprovação de Edificação Nova,Inicial,Inicial,SMUL,RESID,Indeferido
2015-03-03 18:53:51,2015-0.054.752-9,6696-15,Alvará de Execução de Edificação Nova,Inicial,Inicial,SMUL,RESID,Indeferido
2015-03-04 18:02:01,2015-0.056.359-1,5092-15,Alvará de Aprovação de Edificação Nova,Inicial,Inicial,SMUL,RESID,Em Análise
2015-03-10 18:02:23,2015-0.062.143-5,7219-15,Alvará de Aprovação de Reforma,Inicial,Inicial,SMUL,RESID,Indeferido
2015-03-10 18:03:35,2015-0.062.150-8,7513-15,Alvará de Aprovação de Edificação Nova,Inicial,Inicial,SMUL,RESID,Em Análise
2015-03-10 18:07:46,2015-0.062.170-2,38-17,Alvará de Aprovação de Edificação Nova,Inicial,Reconsideração,SMUL,RESID,Em Análise
2015-03-10 18:07:46,2015-0.062.170-2,8240-15,Alvará de Aprovação de Edificação Nova,Inicial,Inicial,SMUL,RESID,Indeferido
2015-03-11 09:04:28,2015-0.062.423-0,8417-15,Alvará de Aprovação de Edificação Nova,Inicial,Inicial,SMUL,RESID,Indeferido
2015-03-11 18:01:08,2015-0.063.850-8,6974-15,Alvará de Aprovação de Edificação Nova,Inicial,Inicial,SMUL,RESID,Indeferido
2015-03-11 18:01:08,2015-0.063.850-8,40493-16,Alvará de Aprovação de Edificação Nova,Inicial,Reconsideração,SMUL,RESID,Em Análise
2015-03-12 09:49:55,2015-0.064.039-1,8923-15,Alvará de Aprovação de Edificação Nova,Inicial,Inicial,SMUL,RESID,Indeferido
2015-03-12 18:04:14,2015-0.065.346-9,7450-15,Alvará de Aprovação de Edificação Nova,Inicial,Inicial,SMUL,RESID,Indeferido
2015-03-13 18:02:51,2015-0.066.631-5,8174-15,Alvará de Aprovação de Reforma,Inicial,Inicial,SMUL,RESID,Em Análise
2015-03-13 18:04:06,2015-0.066.640-4,8678-15,Alvará de Aprovação de Reforma,Inicial,Inicial,SMUL,RESID,Indeferido
2015-03-17 18:35:42,2015-0.069.271-5,8822-15,Alvará de Execução de Edificação Nova,Inicial,Inicial,SMUL,RESID,Em Análise
2015-03-18 18:05:25,2015-0.070.723-2,8685-15,Alvará de Aprovação de Edificação Nova,Inicial,Inicial,SMUL,RESID,Indeferido
2015-03-18 18:26:07,2015-0.070.750-0,8478-15,Alvará de Execução de Edificação Nova,Inicial,Inicial,SMUL,RESID,Indeferido
2015-03-20 18:50:24,2015-0.073.381-0,9269-15,Alvará de Execução de Edificação Nova,Inicial,Inicial,SMUL,RESID,Indeferido
2015-03-24 18:03:36,2015-0.076.546-1,8875-15,Alvará de Aprovação de Reforma,Inicial,Inicial,SMUL,RESID,Indeferido
2015-03-31 18:01:34,2015-0.083.758-6,6736-15,Alvará de Aprovação de Reforma,Inicial,Inicial,SMUL,RESID,Indeferido
2015-03-31 18:51:56,2015-0.083.826-4,9661-15,Alvará de Execução de Edificação Nova,Inicial,Inicial,SMUL,RESID,Indeferido
2015-03-31 19:05:37,2015-0.083.835-3,10876-15,Alvará de Execução de Edificação Nova,Inicial,Inicial,SMUL,RESID,Indeferido
2015-03-31 19:05:37,2015-0.083.835-3,40500-16,Alvará de Execução de Edificação Nova,Inicial,Reconsideração,SMUL,RESID,Em Análise
2015-04-06 19:34:46,2015-0.087.843-6,11176-15,Alvará de Aprovação de Reforma,Inicial,Inicial,SMUL,RESID,Indeferido
2015-04-09 18:04:38,2015-0.092.163-3,11916-15,Alvará de Aprovação de Edificação Nova,Inicial,Inicial,SMUL,RESID,Em Análise
2015-04-10 18:03:17,2015-0.093.379-8,11934-15,Alvará de Aprovação de Reforma,Inicial,Inicial,SMUL,RESID,Indeferido
2015-04-15 18:15:10,2015-0.097.944-5,10743-15,Alvará de Execução de Reforma,Inicial,Inicial,SMUL,RESID,Indeferido
2015-04-16 18:02:52,2015-0.099.208-5,12744-15,Alvará de Aprovação de Edificação Nova,Inicial,Inicial,SMUL,RESID,Em Análise
2015-04-20 18:57:28,2015-0.101.007-3,13110-15,Alvará de Execução de Edificação Nova,Inicial,Inicial,SMUL,RESID,Indeferido
2015-04-29 18:04:20,2015-0.110.510-4,41794-16,Alvará de Aprovação de Reforma,Inicial,Reconsideração,SMUL,RESID,Em Análise
2015-04-29 18:04:20,2015-0.110.510-4,14447-15,Alvará de Aprovação de Reforma,Inicial,Inicial,SMUL,RESID,Indeferido
2015-04-29 18:09:34,2015-0.110.524-4,11013-15,Alvará de Aprovação de Reforma,Inicial,Inicial,SMUL,RESID,Indeferido
2015-05-05 19:40:03,2015-0.115.651-5,11863-15,Alvará de Aprovação de Reforma,Inicial,Inicial,SMUL,RESID,Indeferido
2015-05-12 14:41:24,2015-0.122.591-6,16229-15,Alvará de Desdobro de Lote,Inicial,Inicial,SMUL,RESID,Em Análise
2015-05-13 18:43:34,2015-0.124.693-0,16294-15,Alvará de Execução de Reforma,Inicial,Inicial,SMUL,RESID,Indeferido
2015-05-19 18:02:24,2015-0.130.533-2,41220-16,Alvará de Aprovação de Reforma,Inicial,Reconsideração,SMUL,RESID,Em Análise
2015-05-19 18:02:24,2015-0.130.533-2,16868-15,Alvará de Aprovação de Reforma,Inicial,Inicial,SMUL,RESID,Indeferido
2015-05-21 18:01:36,2015-0.133.289-5,17302-15,Alvará de Aprovação de Edificação Nova,Inicial,Inicial,SMUL,RESID,Indeferido
2015-05-21 18:41:49,2015-0.133.332-8,16615-15,Alvará de Execução de Edificação Nova,Inicial,Inicial,SMUL,RESID,Indeferido
2015-05-27 18:03:53,2015-0.138.871-8,17729-15,Alvará de Aprovação de Edificação Nova,Inicial,Inicial,SMUL,RESID,Em Análise
2015-05-27 18:05:31,2015-0.138.879-3,17815-15,Alvará de Aprovação de Reforma,Inicial,Inicial,SMUL,RESID,Indeferido
2015-05-27 19:06:14,2015-0.138.906-4,18072-15,Alvará de Execução de Reforma,Inicial,Inicial,SMUL,RESID,Indeferido
2015-05-28 18:30:25,2015-0.140.008-4,18046-15,Alvará de Execução de Edificação Nova,Inicial,Inicial,SMUL,RESID,Indeferido
2015-05-28 18:38:00,2015-0.140.011-4,17986-15,Alvará de Execução de Edificação Nova,Inicial,Inicial,SMUL,RESID,Indeferido
2015-05-29 18:02:01,2015-0.141.391-7,18298-15,Alvará de Aprovação de Edificação Nova,Inicial,Inicial,SMUL,RESID,Indeferido
2015-06-01 18:02:06,2015-0.142.800-0,17929-15,Alvará de Aprovação de Edificação Nova,Inicial,Inicial,SMUL,RESID,Em Análise
2015-06-02 18:46:12,2015-0.144.494-4,18706-15,Alvará de Execução de Edificação Nova,Inicial,Inicial,SMUL,RESID,Indeferido
2015-06-09 18:12:05,2015-0.149.456-9,19051-15,Alvará de Aprovação de Edificação Nova,Inicial,Inicial,SMUL,RESID,Indeferido
2015-06-09 19:28:09,2015-0.149.493-3,18787-15,Alvará de Execução de Reforma,Inicial,Inicial,SMUL,RESID,Indeferido
2015-06-09 19:33:43,2015-0.149.495-0,16427-15,Alvará de Execução de Edificação Nova,Inicial,Inicial,SMUL,RESID,Em Análise
2015-06-11 18:02:17,2015-0.152.235-0,19397-15,Alvará de Aprovação de Reforma,Inicial,Inicial,SMUL,RESID,Processo Físico
2015-06-16 18:38:29,2015-0.156.402-8,19958-15,Alvará de Execução de Edificação Nova,Inicial,Inicial,SMUL,RESID,Indeferido
2015-06-19 18:01:58,2015-0.160.894-7,20323-15,Alvará de Desdobro de Lote,Inicial,Inicial,SMUL,RESID,Indeferido
2015-06-19 18:02:54,2015-0.160.901-3,18641-15,Alvará de Aprovação de Reforma,Inicial,Inicial,SMUL,RESID,Indeferido
2015-06-24 18:04:22,2015-0.165.538-4,20710-15,Alvará de Aprovação de Edificação Nova,Inicial,Inicial,SMUL,RESID,Em Análise
2015-06-25 18:16:11,2015-0.166.891-5,21485-15,Alvará de Execução de Edificação Nova,Inicial,Inicial,SMUL,RESID,Indeferido
2015-07-01 13:57:04,2015-0.171.932-3,10805-15,Alvará de Aprovação de Edificação Nova,Inicial,Inicial,SMUL,RESID,Em Análise
2015-07-02 18:11:31,2015-0.173.950-2,22001-15,Alvará de Execução de Reforma,Inicial,Inicial,SMUL,RESID,Indeferido
2015-07-24 18:22:41,2015-0.192.738-4,24982-15,Alvará de Execução de Edificação Nova,Inicial,Inicial,SMUL,RESID,Processo Físico
2015-07-27 18:01:39,2015-0.193.790-8,19945-15,Alvará de Aprovação de Reforma,Inicial,Inicial,SMUL,RESID,Processo Físico
2015-08-17 19:00:38,2015-0.215.890-2,27268-15,Alvará de Execução de Reforma,Inicial,Inicial,SMUL,RESID,Indeferido
2015-11-17 18:29:17,2015-0.308.076-1,39253-15,Alvará de Execução de Edificação Nova,Inicial,Inicial,SMUL,RESID,Em Análise
2016-08-22 19:12:29,2016-0.191.025-4,26773-16,Alvará de Execução de Reforma,Inicial,Inicial,SMUL,RESID,Em Análise
2016-10-17 18:27:09,2016-0.233.854-6,33112-16,Alvará de Aprovação de Reforma,Inicial,Inicial,SMUL,RESID,Em Análise
2016-10-31 20:20:50,2016-0.243.671-8,32435-16,Alvará de Execução de Edificação Nova,Inicial,Inicial,SMUL,RESID,Em Análise
2019-04-17 19:06:20,2019-0.026.843-0,14596-13,Alvará de Aprovação de Edificação Nova,Inicial,Inicial,SMUL,RESID,Em Análise
