sql;n_processo;n_protocolo;assunto;situacao;competencia;unidade_administrativa;sq
035.030.0011-9;2013-0.046.916-8;5169-12;Alvará de Aprovação de Edificação Nova;Indeferido;SMPR;Prefeitura Regional Ipiranga;035.030
035.030.0011-9;2013-0.046.916-8;5169-12;Alvará de Aprovação de Edificação Nova;Indeferido;SMPR;Prefeitura Regional Ipiranga;035.030
035.065.0041-4;2012-0.327.703-9;3117-12;Alvará de Licença para Residências Unifamiliares;Indeferido;SMPR;Prefeitura Regional Ipiranga;035.065
035.065.0041-4;2012-0.327.703-9;3117-12;Alvará de Licença para Residências Unifamiliares;Indeferido;SMPR;Prefeitura Regional Ipiranga;035.065
035.029.0024-8;2013-0.330.648-0;23775-13;Alvará de Licença para Residências Unifamiliares;Deferido - Encerrado;SMPR;Prefeitura Regional Ipiranga;035.029
035.029.0024-8;2013-0.330.648-0;23775-13;Alvará de Licença para Residências Unifamiliares;Deferido - Encerrado;SMPR;Prefeitura Regional Ipiranga;035.029
035.029.0051-5;2013-0.133.534-3;8317-13;Alvará de Aprovação de Reforma;Indeferido;SMPR;Prefeitura Regional Ipiranga;035.029
035.029.0051-5;2013-0.133.534-3;8317-13;Alvará de Aprovação de Reforma;Indeferido;SMPR;Prefeitura Regional Ipiranga;035.029
035.030.0011-9;2013-0.053.067-3;3208-13;Alvará de Execução de Edificação Nova;Deferido - Encerrado;SMPR;Prefeitura Regional Ipiranga;035.030
035.030.0011-9;2013-0.053.067-3;3208-13;Alvará de Execução de Edificação Nova;Deferido - Encerrado;SMPR;Prefeitura Regional Ipiranga;035.030
035.030.0011-9;2013-0.053.067-3;3208-13;Alvará de Execução de Edificação Nova;Deferido - Encerrado;SMPR;Prefeitura Regional Ipiranga;035.030
035.044.0032-3;2013-0.375.781-4;26038-13;Alvará de Desdobro de Lote;Deferido - Encerrado;SMPR;Prefeitura Regional Ipiranga;035.044
035.044.0032-3;2013-0.336.376-0;24270-13;Alvará de Aprovação de Reforma;Deferido - Encerrado;SMPR;Prefeitura Regional Ipiranga;035.044
035.044.0032-3;2013-0.343.123-4;25132-13;Alvará de Execução de Reforma;Deferido - Encerrado;SMPR;Prefeitura Regional Ipiranga;035.044
035.044.0032-3;2013-0.097.645-0;6262-13;Alvará de Aprovação de Reforma;Indeferido;SMPR;Prefeitura Regional Ipiranga;035.044
035.044.0032-3;2013-0.336.376-0;24270-13;Alvará de Aprovação de Reforma;Deferido - Encerrado;SMPR;Prefeitura Regional Ipiranga;035.044
035.044.0032-3;2013-0.343.123-4;25132-13;Alvará de Execução de Reforma;Deferido - Encerrado;SMPR;Prefeitura Regional Ipiranga;035.044
035.044.0032-3;2013-0.097.645-0;6262-13;Alvará de Aprovação de Reforma;Indeferido;SMPR;Prefeitura Regional Ipiranga;035.044
035.044.0032-3;2013-0.375.781-4;26038-13;Alvará de Desdobro de Lote;Deferido - Encerrado;SMPR;Prefeitura Regional Ipiranga;035.044
035.046.0039-1;2013-0.310.018-1;16464-13;Alvará de Execução de Edificação Nova;Deferido - Encerrado;SMPR;Prefeitura Regional Ipiranga;035.046
035.046.0039-1;2013-0.310.018-1;16464-13;Alvará de Execução de Edificação Nova;Deferido - Encerrado;SMPR;Prefeitura Regional Ipiranga;035.046
035.046.0039-1;2013-0.038.553-3;1665-13;Alvará de Aprovação de Edificação Nova;Deferido - Encerrado;SMPR;Prefeitura Regional Ipiranga;035.046
035.046.0039-1;2013-0.038.553-3;1665-13;Alvará de Aprovação de Edificação Nova;Deferido - Encerrado;SMPR;Prefeitura Regional Ipiranga;035.046
035.046.0040-3;2013-0.310.018-1;16464-13;Alvará de Execução de Edificação Nova;Deferido - Encerrado;SMPR;Prefeitura Regional Ipiranga;035.046
035.046.0040-3;2013-0.310.018-1;16464-13;Alvará de Execução de Edificação Nova;Deferido - Encerrado;SMPR;Prefeitura Regional Ipiranga;035.046
035.046.0040-3;2013-0.038.553-3;1665-13;Alvará de Aprovação de Edificação Nova;Deferido - Encerrado;SMPR;Prefeitura Regional Ipiranga;035.046
035.046.0040-3;2013-0.038.553-3;1665-13;Alvará de Aprovação de Edificação Nova;Deferido - Encerrado;SMPR;Prefeitura Regional Ipiranga;035.046
035.046.0041-1;2013-0.310.018-1;16464-13;Alvará de Execução de Edificação Nova;Deferido - Encerrado;SMPR;Prefeitura Regional Ipiranga;035.046
035.046.0041-1;2013-0.310.018-1;16464-13;Alvará de Execução de Edificação Nova;Deferido - Encerrado;SMPR;Prefeitura Regional Ipiranga;035.046
035.046.0041-1;2013-0.038.553-3;1665-13;Alvará de Aprovação de Edificação Nova;Deferido - Encerrado;SMPR;Prefeitura Regional Ipiranga;035.046
035.046.0041-1;2013-0.038.553-3;1665-13;Alvará de Aprovação de Edificação Nova;Deferido - Encerrado;SMPR;Prefeitura Regional Ipiranga;035.046
035.064.0005-3;2013-0.105.742-4;3776-13;Alvará de Aprovação de Reforma;Indeferido;SMPR;Prefeitura Regional Ipiranga;035.064
035.064.0005-3;2013-0.105.742-4;3776-13;Alvará de Aprovação de Reforma;Indeferido;SMPR;Prefeitura Regional Ipiranga;035.064
035.065.0024-4;2013-0.255.492-8;17424-13;Alvará de Execução de Edificação Nova;Deferido - Encerrado;SMPR;Prefeitura Regional Ipiranga;035.065
035.065.0024-4;2013-0.255.492-8;17424-13;Alvará de Execução de Edificação Nova;Deferido - Encerrado;SMPR;Prefeitura Regional Ipiranga;035.065
035.065.0024-4;2013-0.224.905-0;6221-13;Alvará de Desdobro de Lote;Indeferido;SMPR;Prefeitura Regional Ipiranga;035.065
035.065.0024-4;2013-0.209.946-5;14294-13;Alvará de Aprovação de Edificação Nova;Deferido - Encerrado;SMPR;Prefeitura Regional Ipiranga;035.065
035.065.0024-4;2013-0.209.946-5;14294-13;Alvará de Aprovação de Edificação Nova;Deferido - Encerrado;SMPR;Prefeitura Regional Ipiranga;035.065
035.065.0024-4;2013-0.224.905-0;6221-13;Alvará de Desdobro de Lote;Indeferido;SMPR;Prefeitura Regional Ipiranga;035.065
035.065.0024-4;2013-0.255.492-8;17424-13;Alvará de Execução de Edificação Nova;Deferido - Encerrado;SMPR;Prefeitura Regional Ipiranga;035.065
035.077.0061-1;2013-0.192.607-4;12926-13;Alvará de Aprovação de Edificação Nova;Deferido - Encerrado;SMPR;Prefeitura Regional Ipiranga;035.077
035.077.0061-1;2013-0.210.006-4;14193-13;Alvará de Execução de Edificação Nova;Deferido - Encerrado;SMPR;Prefeitura Regional Ipiranga;035.077
035.077.0061-1;2013-0.210.006-4;14193-13;Alvará de Execução de Edificação Nova;Deferido - Encerrado;SMPR;Prefeitura Regional Ipiranga;035.077
035.077.0061-1;2013-0.192.607-4;12926-13;Alvará de Aprovação de Edificação Nova;Deferido - Encerrado;SMPR;Prefeitura Regional Ipiranga;035.077
035.078.0033-0;2013-0.121.611-5;7976-13;Alvará de Aprovação de Reforma;Processo Físico;SMUL;COMIN;035.078
035.078.0033-0;2013-0.133.512-2;8506-13;Alvará de Execução de Reforma;Indeferido;SMUL;COMIN;035.078
035.078.0033-0;2013-0.121.611-5;7976-13;Alvará de Aprovação de Reforma;Processo Físico;SMUL;COMIN;035.078
035.078.0033-0;2013-0.133.512-2;8506-13;Alvará de Execução de Reforma;Indeferido;SMUL;COMIN;035.078
040.005.0042-2;2013-0.261.626-5;17647-13;Alvará de Desdobro de Lote;Indeferido;SMPR;Prefeitura Regional Ipiranga;040.005
040.005.0042-2;2013-0.261.626-5;17647-13;Alvará de Desdobro de Lote;Indeferido;SMPR;Prefeitura Regional Ipiranga;040.005
040.022.0053-1;2013-0.141.213-5;8910-13;Alvará de Licença para Residências Unifamiliares;Indeferido;SMPR;Prefeitura Regional Ipiranga;040.022
040.022.0053-1;2013-0.141.213-5;8910-13;Alvará de Licença para Residências Unifamiliares;Indeferido;SMPR;Prefeitura Regional Ipiranga;040.022
040.034.0013-5;2013-0.178.588-8;11022-13;Alvará de Execução de Reforma;Em Análise;SMPR;Prefeitura Regional Ipiranga;040.034
040.034.0013-5;2013-0.178.588-8;11022-13;Alvará de Execução de Reforma;Em Análise;SMPR;Prefeitura Regional Ipiranga;040.034
040.034.0013-5;2013-0.159.029-7;8589-13;Alvará de Aprovação de Reforma;Indeferido;SMPR;Prefeitura Regional Ipiranga;040.034
040.034.0013-5;2013-0.178.588-8;11022-13;Alvará de Execução de Reforma;Em Análise;SMPR;Prefeitura Regional Ipiranga;040.034
040.034.0013-5;2013-0.159.029-7;8589-13;Alvará de Aprovação de Reforma;Indeferido;SMPR;Prefeitura Regional Ipiranga;040.034
040.034.0026-7;2013-0.178.588-8;11022-13;Alvará de Execução de Reforma;Em Análise;SMPR;Prefeitura Regional Ipiranga;040.034
040.034.0026-7;2013-0.178.588-8;11022-13;Alvará de Execução de Reforma;Em Análise;SMPR;Prefeitura Regional Ipiranga;040.034
040.034.0026-7;2013-0.159.029-7;8589-13;Alvará de Aprovação de Reforma;Indeferido;SMPR;Prefeitura Regional Ipiranga;040.034
040.034.0026-7;2013-0.178.588-8;11022-13;Alvará de Execução de Reforma;Em Análise;SMPR;Prefeitura Regional Ipiranga;040.034
040.034.0026-7;2013-0.159.029-7;8589-13;Alvará de Aprovação de Reforma;Indeferido;SMPR;Prefeitura Regional Ipiranga;040.034
040.035.0018-0;2013-0.339.536-0;23355-13;Alvará de Execução de Reforma;Indeferido - Encerrado;SMPR;Prefeitura Regional Ipiranga;040.035
040.035.0018-0;2013-0.339.536-0;23355-13;Alvará de Execução de Reforma;Indeferido - Encerrado;SMPR;Prefeitura Regional Ipiranga;040.035
040.035.0018-0;2013-0.310.028-9;22039-13;Alvará de Aprovação de Reforma;Indeferido;SMPR;Prefeitura Regional Ipiranga;040.035
040.035.0018-0;2013-0.339.536-0;23355-13;Alvará de Execução de Reforma;Indeferido - Encerrado;SMPR;Prefeitura Regional Ipiranga;040.035
040.035.0018-0;2013-0.310.028-9;22039-13;Alvará de Aprovação de Reforma;Indeferido;SMPR;Prefeitura Regional Ipiranga;040.035
040.062.0004-8;2013-0.342.165-4;25155-13;Alvará de Execução de Edificação Nova;Deferido - Encerrado;SMPR;Prefeitura Regional Ipiranga;040.062
040.062.0004-8;2013-0.334.523-0;21338-13;Alvará de Aprovação de Edificação Nova;Deferido - Encerrado;SMPR;Prefeitura Regional Ipiranga;040.062
040.062.0004-8;2013-0.342.165-4;25155-13;Alvará de Execução de Edificação Nova;Deferido - Encerrado;SMPR;Prefeitura Regional Ipiranga;040.062
040.062.0004-8;2013-0.334.523-0;21338-13;Alvará de Aprovação de Edificação Nova;Deferido - Encerrado;SMPR;Prefeitura Regional Ipiranga;040.062
040.074.0021-0;2013-0.336.434-0;24606-13;Alvará de Execução de Reforma;Deferido - Encerrado;SMPR;Prefeitura Regional Ipiranga;040.074
040.074.0021-0;2013-0.228.886-1;14948-13;Alvará de Aprovação de Reforma;Indeferido;SMPR;Prefeitura Regional Ipiranga;040.074
040.074.0021-0;2013-0.336.434-0;24606-13;Alvará de Execução de Reforma;Deferido - Encerrado;SMPR;Prefeitura Regional Ipiranga;040.074
040.074.0021-0;2013-0.336.434-0;24606-13;Alvará de Execução de Reforma;Deferido - Encerrado;SMPR;Prefeitura Regional Ipiranga;040.074
040.074.0021-0;2013-0.228.886-1;14948-13;Alvará de Aprovação de Reforma;Indeferido;SMPR;Prefeitura Regional Ipiranga;040.074
040.145.0027-6;2013-0.109.526-1;6708-13;Alvará de Aprovação de Reforma;Indeferido;SMPR;Prefeitura Regional Ipiranga;040.145
040.145.0027-6;2013-0.119.120-1;7718-13;Alvará de Execução de Reforma;Em Análise;SMPR;Prefeitura Regional Ipiranga;040.145
040.145.0027-6;2013-0.109.526-1;6708-13;Alvará de Aprovação de Reforma;Indeferido;SMPR;Prefeitura Regional Ipiranga;040.145
040.145.0027-6;2013-0.119.120-1;7718-13;Alvará de Execução de Reforma;Em Análise;SMPR;Prefeitura Regional Ipiranga;040.145
040.199.0067-1;2013-0.261.742-3;18107-13;Alvará de Licença para Residências Unifamiliares;Deferido - Encerrado;SMPR;Prefeitura Regional Ipiranga;040.199
040.199.0067-1;2013-0.261.742-3;18107-13;Alvará de Licença para Residências Unifamiliares;Deferido - Encerrado;SMPR;Prefeitura Regional Ipiranga;040.199
040.211.0060-1;2013-0.086.479-2;4066-13;Alvará de Licença para Residências Unifamiliares;Indeferido;SMPR;Prefeitura Regional Ipiranga;040.211
040.211.0060-1;2013-0.086.479-2;4066-13;Alvará de Licença para Residências Unifamiliares;Indeferido;SMPR;Prefeitura Regional Ipiranga;040.211
035.030.0011-9;2013-0.046.916-8;23558-14;Alvará de Aprovação de Edificação Nova;Deferido - Encerrado;SMPR;Prefeitura Regional Ipiranga;035.030
035.030.0011-9;2013-0.046.916-8;23558-14;Alvará de Aprovação de Edificação Nova;Deferido - Encerrado;SMPR;Prefeitura Regional Ipiranga;035.030
035.030.0013-5;2014-0.355.074-0;36523-14;Alvará de Aprovação de Edificação Nova;Indeferido;SMPR;Prefeitura Regional Ipiranga;035.030
035.030.0013-5;2014-0.355.074-0;36523-14;Alvará de Aprovação de Edificação Nova;Indeferido;SMPR;Prefeitura Regional Ipiranga;035.030
035.030.0013-5;2014-0.360.316-9;37742-14;Alvará de Execução de Edificação Nova;Indeferido - Encerrado;SMPR;Prefeitura Regional Ipiranga;035.030
035.030.0013-5;2014-0.360.316-9;37742-14;Alvará de Execução de Edificação Nova;Indeferido - Encerrado;SMPR;Prefeitura Regional Ipiranga;035.030
035.030.0013-5;2014-0.360.316-9;37742-14;Alvará de Execução de Edificação Nova;Indeferido - Encerrado;SMPR;Prefeitura Regional Ipiranga;035.030
035.030.0014-3;2014-0.355.074-0;36523-14;Alvará de Aprovação de Edificação Nova;Indeferido;SMPR;Prefeitura Regional Ipiranga;035.030
035.030.0014-3;2014-0.355.074-0;36523-14;Alvará de Aprovação de Edificação Nova;Indeferido;SMPR;Prefeitura Regional Ipiranga;035.030
035.030.0014-3;2014-0.360.316-9;37742-14;Alvará de Execução de Edificação Nova;Indeferido - Encerrado;SMPR;Prefeitura Regional Ipiranga;035.030
035.030.0014-3;2014-0.360.316-9;37742-14;Alvará de Execução de Edificação Nova;Indeferido - Encerrado;SMPR;Prefeitura Regional Ipiranga;035.030
035.030.0014-3;2014-0.360.316-9;37742-14;Alvará de Execução de Edificação Nova;Indeferido - Encerrado;SMPR;Prefeitura Regional Ipiranga;035.030
035.046.0042-1;2014-0.306.703-8;30387-14;Alvará de Execução de Demolição;Deferido - Encerrado;SMPR;Prefeitura Regional Ipiranga;035.046
035.046.0042-1;2014-0.306.703-8;30387-14;Alvará de Execução de Demolição;Deferido - Encerrado;SMPR;Prefeitura Regional Ipiranga;035.046
035.046.0045-4;2014-0.306.721-6;30384-14;Alvará de Execução de Demolição;Deferido - Encerrado;SMPR;Prefeitura Regional Ipiranga;035.046
035.046.0045-4;2014-0.306.721-6;30384-14;Alvará de Execução de Demolição;Deferido - Encerrado;SMPR;Prefeitura Regional Ipiranga;035.046
035.046.0046-2;2014-0.306.702-0;30383-14;Alvará de Execução de Demolição;Indeferido;SMPR;Prefeitura Regional Ipiranga;035.046
035.046.0046-2;2014-0.306.702-0;30383-14;Alvará de Execução de Demolição;Indeferido;SMPR;Prefeitura Regional Ipiranga;035.046
035.046.0047-0;2014-0.306.728-3;30381-14;Alvará de Execução de Demolição;Deferido - Encerrado;SMPR;Prefeitura Regional Ipiranga;035.046
035.046.0047-0;2014-0.306.728-3;30381-14;Alvará de Execução de Demolição;Deferido - Encerrado;SMPR;Prefeitura Regional Ipiranga;035.046
035.046.0048-9;2014-0.306.707-0;30374-14;Alvará de Execução de Demolição;Deferido - Encerrado;SMPR;Prefeitura Regional Ipiranga;035.046
035.046.0048-9;2014-0.306.707-0;30374-14;Alvará de Execução de Demolição;Deferido - Encerrado;SMPR;Prefeitura Regional Ipiranga;035.046
035.046.0049-7;2014-0.306.723-2;30367-14;Alvará de Execução de Demolição;Deferido - Encerrado;SMPR;Prefeitura Regional Ipiranga;035.046
035.046.0049-7;2014-0.306.723-2;30367-14;Alvará de Execução de Demolição;Deferido - Encerrado;SMPR;Prefeitura Regional Ipiranga;035.046
035.065.0024-4;2013-0.224.905-0;19848-14;Alvará de Desdobro de Lote;Cancelado;;;035.065
035.065.0024-4;2014-0.228.579-1;22504-14;Alvará de Desdobro de Lote;Deferido - Encerrado;SMPR;Prefeitura Regional Ipiranga;035.065
035.065.0024-4;2014-0.228.579-1;22504-14;Alvará de Desdobro de Lote;Deferido - Encerrado;SMPR;Prefeitura Regional Ipiranga;035.065
035.065.0041-4;2012-0.327.703-9;16364-14;Alvará de Licença para Residências Unifamiliares;Indeferido;SMPR;Prefeitura Regional Ipiranga;035.065
035.065.0041-4;2012-0.327.703-9;16364-14;Alvará de Licença para Residências Unifamiliares;Indeferido;SMPR;Prefeitura Regional Ipiranga;035.065
035.065.0069-4;2014-0.341.349-1;34856-14;Alvará de Licença para Residências Unifamiliares;Indeferido - Encerrado;SMPR;Prefeitura Regional Ipiranga;035.065
035.065.0069-4;2014-0.341.349-1;34856-14;Alvará de Licença para Residências Unifamiliares;Indeferido - Encerrado;SMPR;Prefeitura Regional Ipiranga;035.065
040.005.0042-2;2013-0.261.626-5;7714-14;Alvará de Desdobro de Lote;Processo Físico;SMUL;PARHIS-3;040.005
040.005.0042-2;2013-0.261.626-5;7714-14;Alvará de Desdobro de Lote;Processo Físico;SMUL;PARHIS-3;040.005
040.022.0053-1;2013-0.141.213-5;25873-14;Alvará de Licença para Residências Unifamiliares;Deferido - Encerrado;SMPR;Prefeitura Regional Ipiranga;040.022
040.022.0053-1;2013-0.141.213-5;25873-14;Alvará de Licença para Residências Unifamiliares;Deferido - Encerrado;SMPR;Prefeitura Regional Ipiranga;040.022
040.034.0014-3;2014-0.017.999-4;627-14;Alvará de Aprovação de Reforma;Deferido - Encerrado;SMPR;Prefeitura Regional Ipiranga;040.034
040.034.0014-3;2014-0.279.081-0;27846-14;Alvará de Execução de Reforma;Deferido - Encerrado;SMPR;Prefeitura Regional Ipiranga;040.034
040.034.0014-3;2014-0.279.081-0;27846-14;Alvará de Execução de Reforma;Deferido - Encerrado;SMPR;Prefeitura Regional Ipiranga;040.034
040.034.0014-3;2014-0.279.081-0;27846-14;Alvará de Execução de Reforma;Deferido - Encerrado;SMPR;Prefeitura Regional Ipiranga;040.034
040.034.0014-3;2014-0.017.999-4;627-14;Alvará de Aprovação de Reforma;Deferido - Encerrado;SMPR;Prefeitura Regional Ipiranga;040.034
040.117.0020-7;2014-0.278.952-8;27235-14;Alvará de Aprovação de Edificação Nova;Indeferido;SMPR;Prefeitura Regional Ipiranga;040.117
040.117.0020-7;2014-0.278.952-8;27235-14;Alvará de Aprovação de Edificação Nova;Indeferido;SMPR;Prefeitura Regional Ipiranga;040.117
040.142.0022-1;2014-0.271.834-5;26532-14;Alvará de Aprovação de Reforma;Indeferido;SMPR;Prefeitura Regional Ipiranga;040.142
040.142.0022-1;2014-0.284.740-4;27699-14;Alvará de Execução de Reforma;Indeferido;SMPR;Prefeitura Regional Ipiranga;040.142
040.142.0022-1;2014-0.271.834-5;26532-14;Alvará de Aprovação de Reforma;Indeferido;SMPR;Prefeitura Regional Ipiranga;040.142
040.142.0022-1;2014-0.284.740-4;27699-14;Alvará de Execução de Reforma;Indeferido;SMPR;Prefeitura Regional Ipiranga;040.142
040.142.0022-1;2014-0.284.740-4;27699-14;Alvará de Execução de Reforma;Indeferido;SMPR;Prefeitura Regional Ipiranga;040.142
040.204.0025-3;2014-0.194.487-2;18318-14;Alvará de Execução de Reforma;Deferido - Encerrado;SMPR;Prefeitura Regional Ipiranga;040.204
040.204.0025-3;2014-0.194.487-2;18318-14;Alvará de Execução de Reforma;Deferido - Encerrado;SMPR;Prefeitura Regional Ipiranga;040.204
040.204.0025-3;2014-0.063.927-8;5245-14;Alvará de Aprovação de Reforma;Deferido - Encerrado;SMPR;Prefeitura Regional Ipiranga;040.204
040.204.0025-3;2014-0.063.927-8;5245-14;Alvará de Aprovação de Reforma;Deferido - Encerrado;SMPR;Prefeitura Regional Ipiranga;040.204
035.030.0013-5;2015-0.117.330-4;15094-15;Alvará de Autorização para avanço de Tapume sobre parte do Passeio Público;Deferido - Encerrado;SMPR;Prefeitura Regional Ipiranga;035.030
035.030.0014-3;2015-0.117.330-4;15094-15;Alvará de Autorização para avanço de Tapume sobre parte do Passeio Público;Deferido - Encerrado;SMPR;Prefeitura Regional Ipiranga;035.030
035.030.0026-7;2015-0.324.266-4;39065-15;Alvará de Execução de Demolição;Deferido - Encerrado;SMPR;Prefeitura Regional Ipiranga;035.030
035.030.0026-7;2015-0.324.266-4;39065-15;Alvará de Execução de Demolição;Deferido - Encerrado;SMPR;Prefeitura Regional Ipiranga;035.030
035.046.0039-1;2015-0.069.072-0;8650-15;Certificado de Conclusão;Deferido - Encerrado;SMPR;Prefeitura Regional Ipiranga;035.046
035.046.0039-1;2015-0.069.072-0;8650-15;Certificado de Conclusão;Deferido - Encerrado;SMPR;Prefeitura Regional Ipiranga;035.046
035.046.0040-3;2015-0.069.072-0;8650-15;Certificado de Conclusão;Deferido - Encerrado;SMPR;Prefeitura Regional Ipiranga;035.046
035.046.0040-3;2015-0.069.072-0;8650-15;Certificado de Conclusão;Deferido - Encerrado;SMPR;Prefeitura Regional Ipiranga;035.046
035.046.0041-1;2015-0.069.072-0;8650-15;Certificado de Conclusão;Deferido - Encerrado;SMPR;Prefeitura Regional Ipiranga;035.046
035.046.0041-1;2015-0.069.072-0;8650-15;Certificado de Conclusão;Deferido - Encerrado;SMPR;Prefeitura Regional Ipiranga;035.046
035.046.0046-2;2014-0.306.702-0;1418-15;Alvará de Execução de Demolição;Deferido - Encerrado;SMPR;Prefeitura Regional Ipiranga;035.046
035.046.0046-2;2014-0.306.702-0;1418-15;Alvará de Execução de Demolição;Deferido - Encerrado;SMPR;Prefeitura Regional Ipiranga;035.046
035.064.0005-3;2013-0.105.742-4;41285-15;Alvará de Aprovação de Reforma;Deferido - Encerrado;SMPR;Prefeitura Regional Ipiranga;035.064
035.064.0005-3;2015-0.205.536-4;23297-15;Alvará de Execução de Reforma;Deferido - Encerrado;SMPR;Prefeitura Regional Ipiranga;035.064
035.064.0005-3;2015-0.205.536-4;23297-15;Alvará de Execução de Reforma;Deferido - Encerrado;SMPR;Prefeitura Regional Ipiranga;035.064
035.064.0005-3;2013-0.105.742-4;41285-15;Alvará de Aprovação de Reforma;Deferido - Encerrado;SMPR;Prefeitura Regional Ipiranga;035.064
035.065.0041-4;2012-0.327.703-9;22512-15;Alvará de Licença para Residências Unifamiliares;Indeferido;SMPR;Prefeitura Regional Ipiranga;035.065
035.065.0041-4;2012-0.327.703-9;22512-15;Alvará de Licença para Residências Unifamiliares;Indeferido;SMPR;Prefeitura Regional Ipiranga;035.065
035.065.0129-1;2015-0.232.184-6;29250-15;Alvará de Licença para Residências Unifamiliares;Indeferido;SMUL;GTEL;035.065
035.065.0129-1;2015-0.232.184-6;29250-15;Alvará de Licença para Residências Unifamiliares;Indeferido;SMUL;GTEL;035.065
035.065.0129-1;2015-0.232.184-6;43264-15;Alvará de Licença para Residências Unifamiliares;Deferido - Encerrado;SMUL;GTEL;035.065
035.065.0129-1;2015-0.232.184-6;43264-15;Alvará de Licença para Residências Unifamiliares;Deferido - Encerrado;SMUL;GTEL;035.065
040.009.0049-8;2015-0.222.076-4;29181-15;Alvará de Execução de Demolição;Deferido - Encerrado;SMPR;Prefeitura Regional Ipiranga;040.009
040.009.0049-8;2015-0.065.366-3;14775-15;Alvará de Execução de Demolição;Deferido - Encerrado;SMPR;Prefeitura Regional Ipiranga;040.009
040.009.0049-8;2015-0.222.076-4;29181-15;Alvará de Execução de Demolição;Deferido - Encerrado;SMPR;Prefeitura Regional Ipiranga;040.009
040.009.0049-8;2015-0.065.366-3;8099-15;Alvará de Execução de Demolição;Indeferido;SMPR;Prefeitura Regional Ipiranga;040.009
040.009.0049-8;2015-0.065.366-3;14775-15;Alvará de Execução de Demolição;Deferido - Encerrado;SMPR;Prefeitura Regional Ipiranga;040.009
040.009.0049-8;2015-0.065.366-3;8099-15;Alvará de Execução de Demolição;Indeferido;SMPR;Prefeitura Regional Ipiranga;040.009
040.019.0018-1;2015-0.152.234-1;19623-15;Alvará de Execução de Demolição;Deferido - Encerrado;SMPR;Prefeitura Regional Ipiranga;040.019
040.019.0018-1;2015-0.152.234-1;19623-15;Alvará de Execução de Demolição;Deferido - Encerrado;SMPR;Prefeitura Regional Ipiranga;040.019
040.034.0013-5;2013-0.159.029-7;34265-15;Alvará de Aprovação de Reforma;Indeferido;SMPR;Prefeitura Regional Ipiranga;040.034
040.034.0013-5;2013-0.159.029-7;34265-15;Alvará de Aprovação de Reforma;Indeferido;SMPR;Prefeitura Regional Ipiranga;040.034
040.034.0026-7;2013-0.159.029-7;34265-15;Alvará de Aprovação de Reforma;Indeferido;SMPR;Prefeitura Regional Ipiranga;040.034
040.034.0026-7;2013-0.159.029-7;34265-15;Alvará de Aprovação de Reforma;Indeferido;SMPR;Prefeitura Regional Ipiranga;040.034
040.035.0018-0;2013-0.310.028-9;40955-15;Alvará de Aprovação de Reforma;Indeferido;SMPR;Prefeitura Regional Ipiranga;040.035
040.035.0018-0;2013-0.310.028-9;40955-15;Alvará de Aprovação de Reforma;Indeferido;SMPR;Prefeitura Regional Ipiranga;040.035
040.051.0006-6;2015-0.164.168-5;20739-15;Alvará de Aprovação de Edificação Nova;Indeferido;SMPR;Prefeitura Regional Ipiranga;040.051
040.051.0006-6;2015-0.169.859-8;21899-15;Alvará de Execução de Edificação Nova;Deferido - Encerrado;SMPR;Prefeitura Regional Ipiranga;040.051
040.051.0006-6;2015-0.164.168-5;20739-15;Alvará de Aprovação de Edificação Nova;Indeferido;SMPR;Prefeitura Regional Ipiranga;040.051
040.051.0006-6;2015-0.169.859-8;21899-15;Alvará de Execução de Edificação Nova;Deferido - Encerrado;SMPR;Prefeitura Regional Ipiranga;040.051
040.062.0004-8;2015-0.029.300-4;3504-15;Certificado de Conclusão;Deferido - Encerrado;SMPR;Prefeitura Regional Ipiranga;040.062
040.062.0004-8;2015-0.029.300-4;3504-15;Certificado de Conclusão;Deferido - Encerrado;SMPR;Prefeitura Regional Ipiranga;040.062
040.083.0059-7;2015-0.045.642-6;5821-15;Alvará de Aprovação de Reforma;Indeferido;SMUL;COMIN;040.083
040.083.0059-7;2015-0.051.683-6;6814-15;Alvará de Execução de Reforma;Indeferido;SMUL;COMIN;040.083
040.083.0059-7;2015-0.122.987-3;15709-15;Alvará de Autorização para avanço de Tapume sobre parte do Passeio Público;Deferido - Encerrado;SMPR;Prefeitura Regional Ipiranga;040.083
040.083.0059-7;2015-0.051.683-6;6814-15;Alvará de Execução de Reforma;Indeferido;SMUL;COMIN;040.083
040.083.0059-7;2015-0.045.642-6;5821-15;Alvará de Aprovação de Reforma;Indeferido;SMUL;COMIN;040.083
040.097.0001-7;2015-0.182.396-1;22253-15;Alvará de Aprovação de Reforma;Indeferido;SMPR;Prefeitura Regional Ipiranga;040.097
040.097.0001-7;2015-0.182.396-1;22253-15;Alvará de Aprovação de Reforma;Indeferido;SMPR;Prefeitura Regional Ipiranga;040.097
040.097.0001-7;2015-0.211.397-6;27683-15;Alvará de Execução de Reforma;Indeferido;SMPR;Prefeitura Regional Ipiranga;040.097
040.097.0001-7;2015-0.211.397-6;27683-15;Alvará de Execução de Reforma;Indeferido;SMPR;Prefeitura Regional Ipiranga;040.097
040.117.0020-7;2014-0.278.952-8;33130-15;Alvará de Aprovação de Edificação Nova;Indeferido;SMPR;Prefeitura Regional Ipiranga;040.117
040.117.0020-7;2014-0.278.952-8;33130-15;Alvará de Aprovação de Edificação Nova;Indeferido;SMPR;Prefeitura Regional Ipiranga;040.117
040.142.0022-1;2015-0.122.768-4;15402-15;Alvará de Aprovação de Edificação Nova;Deferido - Encerrado;SMPR;Prefeitura Regional Ipiranga;040.142
040.142.0022-1;2014-0.271.834-5;13241-15;Alvará de Aprovação de Reforma;Indeferido;SMPR;Prefeitura Regional Ipiranga;040.142
040.142.0022-1;2015-0.122.768-4;15402-15;Alvará de Aprovação de Edificação Nova;Deferido - Encerrado;SMPR;Prefeitura Regional Ipiranga;040.142
040.142.0022-1;2015-0.131.872-8;17073-15;Alvará de Execução de Edificação Nova;Deferido - Encerrado;SMPR;Prefeitura Regional Ipiranga;040.142
040.142.0022-1;2015-0.131.872-8;17073-15;Alvará de Execução de Edificação Nova;Deferido - Encerrado;SMPR;Prefeitura Regional Ipiranga;040.142
040.142.0022-1;2014-0.271.834-5;13241-15;Alvará de Aprovação de Reforma;Indeferido;SMPR;Prefeitura Regional Ipiranga;040.142
040.150.0021-8;2015-0.035.770-3;4086-15;Alvará de Aprovação de Edificação Nova;Indeferido;SMPR;Prefeitura Regional Ipiranga;040.150
040.150.0021-8;2015-0.035.770-3;27444-15;Alvará de Aprovação de Edificação Nova;Indeferido - Encerrado;SMPR;Prefeitura Regional Ipiranga;040.150
040.150.0021-8;2015-0.047.150-6;6126-15;Alvará de Execução de Edificação Nova;Indeferido - Encerrado;SMPR;Prefeitura Regional Ipiranga;040.150
040.150.0021-8;2015-0.047.150-6;6126-15;Alvará de Execução de Edificação Nova;Indeferido - Encerrado;SMPR;Prefeitura Regional Ipiranga;040.150
040.150.0021-8;2015-0.035.770-3;4086-15;Alvará de Aprovação de Edificação Nova;Indeferido;SMPR;Prefeitura Regional Ipiranga;040.150
040.150.0021-8;2015-0.035.770-3;27444-15;Alvará de Aprovação de Edificação Nova;Indeferido - Encerrado;SMPR;Prefeitura Regional Ipiranga;040.150
040.150.0021-8;2015-0.047.150-6;6126-15;Alvará de Execução de Edificação Nova;Indeferido - Encerrado;SMPR;Prefeitura Regional Ipiranga;040.150
040.199.0034-5;2015-0.259.376-5;32043-15;Alvará de Execução de Demolição;Deferido - Encerrado;SMPR;Prefeitura Regional Ipiranga;040.199
040.199.0034-5;2015-0.259.376-5;32043-15;Alvará de Execução de Demolição;Deferido - Encerrado;SMPR;Prefeitura Regional Ipiranga;040.199
040.199.0067-1;2015-0.291.193-7;36470-15;Certificado de Conclusão;Indeferido;SMPR;Prefeitura Regional Ipiranga;040.199
040.199.0067-1;2015-0.291.193-7;43498-15;Certificado de Conclusão;Deferido - Encerrado;SMPR;Prefeitura Regional Ipiranga;040.199
040.211.0060-1;2013-0.086.479-2;39001-15;Alvará de Licença para Residências Unifamiliares;Deferido - Encerrado;SMPR;Prefeitura Regional Ipiranga;040.211
040.211.0060-1;2013-0.086.479-2;39001-15;Alvará de Licença para Residências Unifamiliares;Deferido - Encerrado;SMPR;Prefeitura Regional Ipiranga;040.211
035.030.0025-9;2016-0.252.997-0;37315-16;Alvará de Execução de Demolição;Deferido - Encerrado;SMPR;Prefeitura Regional Ipiranga;035.030
035.030.0025-9;2016-0.252.997-0;37315-16;Alvará de Execução de Demolição;Deferido - Encerrado;SMPR;Prefeitura Regional Ipiranga;035.030
035.065.0024-4;2016-0.054.526-9;2622-16;Certificado de Conclusão;Deferido - Encerrado;SMPR;Prefeitura Regional Ipiranga;035.065
040.019.0018-1;2016-0.060.156-8;4835-16;Alvará de Licença para Residências Unifamiliares;Indeferido;SMUL;GTEL;040.019
040.019.0018-1;2016-0.060.156-8;8584-16;Alvará de Licença para Residências Unifamiliares;Indeferido;SMUL;GTEL;040.019
040.019.0018-1;2016-0.060.156-8;4835-16;Alvará de Licença para Residências Unifamiliares;Indeferido;SMUL;GTEL;040.019
040.019.0018-1;2016-0.060.156-8;8584-16;Alvará de Licença para Residências Unifamiliares;Indeferido;SMUL;GTEL;040.019
040.034.0031-3;2016-0.231.792-1;33631-16;Alvará de Aprovação de Edificação Nova;Indeferido;SMPR;Prefeitura Regional Ipiranga;040.034
040.034.0031-3;2016-0.195.793-5;27395-16;Alvará de Execução de Demolição;Deferido - Encerrado;SMPR;Prefeitura Regional Ipiranga;040.034
040.034.0031-3;2016-0.033.469-1;1732-16;Alvará de Execução de Demolição;Indeferido;SMPR;Prefeitura Regional Ipiranga;040.034
040.034.0031-3;2016-0.261.921-9;38179-16;Certificado de Conclusão de Demolição;Indeferido;SMPR;Prefeitura Regional Ipiranga;040.034
040.034.0031-3;2016-0.236.104-1;34576-16;Alvará de Execução de Edificação Nova;Indeferido;SMPR;Prefeitura Regional Ipiranga;040.034
040.034.0031-3;2016-0.033.469-1;1732-16;Alvará de Execução de Demolição;Indeferido;SMPR;Prefeitura Regional Ipiranga;040.034
040.034.0031-3;2016-0.195.793-5;27395-16;Alvará de Execução de Demolição;Deferido - Encerrado;SMPR;Prefeitura Regional Ipiranga;040.034
040.034.0031-3;2016-0.236.104-1;34576-16;Alvará de Execução de Edificação Nova;Indeferido;SMPR;Prefeitura Regional Ipiranga;040.034
040.034.0031-3;2016-0.231.792-1;33631-16;Alvará de Aprovação de Edificação Nova;Indeferido;SMPR;Prefeitura Regional Ipiranga;040.034
040.035.0018-0;2013-0.310.028-9;37512-16;Alvará de Aprovação de Reforma;Indeferido;SMPR;Prefeitura Regional Ipiranga;040.035
040.035.0018-0;2013-0.310.028-9;37512-16;Alvará de Aprovação de Reforma;Indeferido;SMPR;Prefeitura Regional Ipiranga;040.035
040.043.0006-1;2016-0.204.898-0;29278-16;Alvará de Autorização para avanço de Tapume sobre parte do Passeio Público;Deferido - Encerrado;SMPR;Prefeitura Regional Ipiranga;040.043
040.043.0006-1;2016-0.170.162-0;23395-16;Alvará de Licença para Residências Unifamiliares;Deferido - Encerrado;SMUL;GTEL;040.043
040.043.0006-1;2016-0.170.162-0;23395-16;Alvará de Licença para Residências Unifamiliares;Deferido - Encerrado;SMUL;GTEL;040.043
040.051.0006-6;2015-0.164.168-5;33207-16;Alvará de Aprovação de Edificação Nova;Deferido - Encerrado;SMPR;Prefeitura Regional Ipiranga;040.051
040.051.0006-6;2015-0.164.168-5;16678-16;Alvará de Aprovação de Edificação Nova;Indeferido;SMPR;Prefeitura Regional Ipiranga;040.051
040.051.0006-6;2015-0.164.168-5;33207-16;Alvará de Aprovação de Edificação Nova;Deferido - Encerrado;SMPR;Prefeitura Regional Ipiranga;040.051
040.051.0006-6;2015-0.164.168-5;16678-16;Alvará de Aprovação de Edificação Nova;Indeferido;SMPR;Prefeitura Regional Ipiranga;040.051
040.074.0021-0;2013-0.228.886-1;16505-16;Alvará de Aprovação de Reforma;Indeferido;SMPR;Prefeitura Regional Ipiranga;040.074
040.074.0021-0;2013-0.228.886-1;29970-16;Alvará de Aprovação de Reforma;Deferido - Encerrado;SMPR;Prefeitura Regional Ipiranga;040.074
040.074.0021-0;2013-0.228.886-1;16505-16;Alvará de Aprovação de Reforma;Indeferido;SMPR;Prefeitura Regional Ipiranga;040.074
040.083.0059-7;2015-0.045.642-6;42722-16;Alvará de Aprovação de Reforma;Cancelado;;;040.083
040.097.0001-7;2015-0.182.396-1;29609-16;Alvará de Aprovação de Reforma;Indeferido;SMPR;Prefeitura Regional Ipiranga;040.097
040.097.0001-7;2015-0.182.396-1;23371-16;Alvará de Aprovação de Reforma;Indeferido;SMPR;Prefeitura Regional Ipiranga;040.097
040.097.0001-7;2015-0.182.396-1;29609-16;Alvará de Aprovação de Reforma;Indeferido;SMPR;Prefeitura Regional Ipiranga;040.097
040.097.0001-7;2015-0.182.396-1;23371-16;Alvará de Aprovação de Reforma;Indeferido;SMPR;Prefeitura Regional Ipiranga;040.097
040.107.0032-7;2016-0.140.527-4;14312-16;Alvará de Autorização de Implantação e/ou Utilização de Estande de Vendas;Deferido - Encerrado;SMPR;Prefeitura Regional Ipiranga;040.107
040.117.0020-7;2014-0.278.952-8;36536-16;Alvará de Aprovação de Edificação Nova;Indeferido;SMPR;Prefeitura Regional Ipiranga;040.117
040.117.0020-7;2014-0.278.952-8;36536-16;Alvará de Aprovação de Edificação Nova;Indeferido;SMPR;Prefeitura Regional Ipiranga;040.117
040.129.0042-0;2016-0.247.010-0;38108-16;Alvará de Licença para Residências Unifamiliares;Indeferido;SMUL;GTEL;040.129
040.129.0042-0;2016-0.247.010-0;36792-16;Alvará de Licença para Residências Unifamiliares;Indeferido;SMUL;GTEL;040.129
040.129.0042-0;2016-0.247.010-0;38108-16;Alvará de Licença para Residências Unifamiliares;Indeferido;SMUL;GTEL;040.129
040.129.0042-0;2016-0.247.010-0;36792-16;Alvará de Licença para Residências Unifamiliares;Indeferido;SMUL;GTEL;040.129
040.142.0022-1;2016-0.138.414-5;16944-16;Alvará de Autorização para avanço de Tapume sobre parte do Passeio Público;Deferido - Encerrado;SMPR;Prefeitura Regional Ipiranga;040.142
040.199.0034-5;2016-0.040.007-4;3739-16;Alvará de Licença para Residências Unifamiliares;Deferido - Encerrado;SMUL;GTEL;040.199
040.199.0034-5;2016-0.040.007-4;3739-16;Alvará de Licença para Residências Unifamiliares;Deferido - Encerrado;SMUL;GTEL;040.199
043.033.0014-4;2016-0.273.429-8;41188-16;Alvará de Aprovação de Edificação Nova;Indeferido;SMPR;Prefeitura Regional Ipiranga;043.033
043.033.0014-4;2016-0.279.109-7;42394-16;Alvará de Execução de Edificação Nova;Indeferido - Encerrado;SMPR;Prefeitura Regional Ipiranga;043.033
043.033.0014-4;2016-0.273.429-8;41188-16;Alvará de Aprovação de Edificação Nova;Indeferido;SMPR;Prefeitura Regional Ipiranga;043.033
043.033.0014-4;2016-0.279.109-7;42394-16;Alvará de Execução de Edificação Nova;Indeferido - Encerrado;SMPR;Prefeitura Regional Ipiranga;043.033
035.015.0026-2;2017-0.120.334-7;22164-17;Alvará de Aprovação e Execução para Residência Unifamiliar;Deferido - Encerrado;SMUL;GTEL;035.015
035.015.0026-2;2017-0.120.334-7;22164-17;Alvará de Aprovação e Execução para Residência Unifamiliar;Deferido - Encerrado;SMUL;GTEL;035.015
035.015.0054-8;2017-0.068.879-7;11400-17;Alvará de Licença para Residências Unifamiliares;Deferido - Encerrado;SMUL;GTEL;035.015
035.015.0054-8;2017-0.068.879-7;11400-17;Alvará de Licença para Residências Unifamiliares;Deferido - Encerrado;SMUL;GTEL;035.015
035.030.0013-5;2014-0.355.074-0;24165-17;Alvará de Aprovação de Edificação Nova;Indeferido - Encerrado;SMPR;Prefeitura Regional Ipiranga;035.030
035.030.0013-5;2014-0.355.074-0;24165-17;Alvará de Aprovação de Edificação Nova;Indeferido - Encerrado;SMPR;Prefeitura Regional Ipiranga;035.030
035.030.0014-3;2014-0.355.074-0;24165-17;Alvará de Aprovação de Edificação Nova;Indeferido - Encerrado;SMPR;Prefeitura Regional Ipiranga;035.030
035.030.0014-3;2014-0.355.074-0;24165-17;Alvará de Aprovação de Edificação Nova;Indeferido - Encerrado;SMPR;Prefeitura Regional Ipiranga;035.030
035.046.0023-3;2017-0.183.035-0;36283-17;Alvará de Autorização de Implantação e/ou Utilização de Estande de Vendas;Deferido - Encerrado;SMPR;Prefeitura Regional Ipiranga;035.046
035.046.0023-3;2017-0.102.414-0;17562-17;Alvará de Autorização de Implantação e/ou Utilização de Estande de Vendas;Deferido - Encerrado;SMPR;Prefeitura Regional Ipiranga;035.046
035.064.0005-3;2017-0.137.579-2;25567-17;Alvará de Aprovação de Reforma;Deferido - Encerrado;SMPR;Prefeitura Regional Ipiranga;035.064
035.064.0121-1;2017-0.114.346-8;20316-17;Alvará de Execução de Reforma;Indeferido - Encerrado;SMPR;Prefeitura Regional Ipiranga;035.064
035.064.0121-1;2017-0.111.060-8;18857-17;Alvará de Aprovação de Reforma;Indeferido - Encerrado;SMPR;Prefeitura Regional Ipiranga;035.064
035.064.0121-1;2017-0.114.346-8;20316-17;Alvará de Execução de Reforma;Indeferido - Encerrado;SMPR;Prefeitura Regional Ipiranga;035.064
035.064.0121-1;2017-0.111.060-8;18857-17;Alvará de Aprovação de Reforma;Indeferido - Encerrado;SMPR;Prefeitura Regional Ipiranga;035.064
035.065.0041-4;2012-0.327.703-9;1830-17;Alvará de Licença para Residências Unifamiliares;Indeferido;SMPR;Prefeitura Regional Ipiranga;035.065
035.065.0041-4;2012-0.327.703-9;1830-17;Alvará de Licença para Residências Unifamiliares;Indeferido;SMPR;Prefeitura Regional Ipiranga;035.065
040.005.0114-3;2017-0.183.661-7;36717-17;Alvará de Aprovação de Reforma;Indeferido;SMPR;Prefeitura Regional Ipiranga;040.005
040.005.0114-3;2017-0.183.661-7;36717-17;Alvará de Aprovação de Reforma;Indeferido;SMPR;Prefeitura Regional Ipiranga;040.005
040.019.0018-1;2017-0.037.592-6;5756-17;Certificado de Conclusão de Demolição;Deferido - Encerrado;SMPR;Prefeitura Regional Ipiranga;040.019
040.023.0073-0;2017-0.149.241-1;27544-17;Alvará de Aprovação e Execução para Residência Unifamiliar;Indeferido;SMUL;GTEL;040.023
040.023.0073-0;2017-0.149.241-1;27544-17;Alvará de Aprovação e Execução para Residência Unifamiliar;Indeferido;SMUL;GTEL;040.023
040.034.0013-5;2013-0.159.029-7;25861-17;Alvará de Aprovação de Reforma;Indeferido - Encerrado;SMPR;Prefeitura Regional Ipiranga;040.034
040.034.0013-5;2013-0.159.029-7;25861-17;Alvará de Aprovação de Reforma;Indeferido - Encerrado;SMPR;Prefeitura Regional Ipiranga;040.034
040.034.0026-7;2013-0.159.029-7;25861-17;Alvará de Aprovação de Reforma;Indeferido - Encerrado;SMPR;Prefeitura Regional Ipiranga;040.034
040.034.0026-7;2013-0.159.029-7;25861-17;Alvará de Aprovação de Reforma;Indeferido - Encerrado;SMPR;Prefeitura Regional Ipiranga;040.034
040.034.0031-3;2016-0.261.921-9;25385-17;Certificado de Conclusão de Demolição;Deferido - Encerrado;SMPR;Prefeitura Regional Ipiranga;040.034
040.051.0006-6;2017-0.100.773-4;27414-17;Certificado de Conclusão;Deferido - Encerrado;SMPR;Prefeitura Regional Ipiranga;040.051
040.051.0006-6;2017-0.100.773-4;17974-17;Certificado de Conclusão;Indeferido;SMPR;Prefeitura Regional Ipiranga;040.051
040.051.0006-6;2017-0.077.458-8;13613-17;Alvará de Aprovação de Edificação Nova;Indeferido;SMPR;Prefeitura Regional Ipiranga;040.051
040.051.0006-6;2017-0.135.245-8;25870-17;Alvará de Aprovação de Edificação Nova;Deferido - Encerrado;SMPR;Prefeitura Regional Ipiranga;040.051
040.051.0006-6;2017-0.077.458-8;13613-17;Alvará de Aprovação de Edificação Nova;Indeferido;SMPR;Prefeitura Regional Ipiranga;040.051
040.095.0028-1;2017-0.185.592-1;36902-17;Alvará de Execução de Demolição;Deferido - Encerrado;SMPR;Prefeitura Regional Ipiranga;040.095
040.095.0028-1;2017-0.185.592-1;36902-17;Alvará de Execução de Demolição;Deferido - Encerrado;SMPR;Prefeitura Regional Ipiranga;040.095
040.097.0001-7;2015-0.182.396-1;1545-17;Alvará de Aprovação de Reforma;Indeferido - Encerrado;SMPR;Prefeitura Regional Ipiranga;040.097
040.097.0001-7;2015-0.182.396-1;1545-17;Alvará de Aprovação de Reforma;Indeferido - Encerrado;SMPR;Prefeitura Regional Ipiranga;040.097
040.097.0041-6;2017-0.079.243-8;10892-17;Alvará de Licença para Residências Unifamiliares;Indeferido;SMUL;GTEL;040.097
040.097.0041-6;2017-0.079.243-8;10892-17;Alvará de Licença para Residências Unifamiliares;Indeferido;SMUL;GTEL;040.097
040.117.0020-7;2017-0.062.592-2;9868-17;Alvará de Execução de Edificação Nova;Deferido - Encerrado;SMPR;Prefeitura Regional Ipiranga;040.117
040.117.0020-7;2014-0.278.952-8;27718-17;Alvará de Aprovação de Edificação Nova;Deferido - Encerrado;SMPR;Prefeitura Regional Ipiranga;040.117
040.117.0020-7;2014-0.278.952-8;27718-17;Alvará de Aprovação de Edificação Nova;Deferido - Encerrado;SMPR;Prefeitura Regional Ipiranga;040.117
040.117.0020-7;2017-0.062.592-2;9868-17;Alvará de Execução de Edificação Nova;Deferido - Encerrado;SMPR;Prefeitura Regional Ipiranga;040.117
040.142.0022-1;2017-0.088.021-3;13896-17;Alvará de Aprovação de Edificação Nova;Indeferido - Encerrado;SMPR;Prefeitura Regional Ipiranga;040.142
040.142.0022-1;2017-0.099.083-3;15991-17;Alvará de Execução de Edificação Nova;Indeferido - Encerrado;SMPR;Prefeitura Regional Ipiranga;040.142
040.142.0022-1;2017-0.099.083-3;15991-17;Alvará de Execução de Edificação Nova;Indeferido - Encerrado;SMPR;Prefeitura Regional Ipiranga;040.142
040.142.0022-1;2017-0.088.021-3;13896-17;Alvará de Aprovação de Edificação Nova;Indeferido - Encerrado;SMPR;Prefeitura Regional Ipiranga;040.142
040.152.0012-8;2017-0.015.239-0;2093-17;Alvará de Licença para Residências Unifamiliares;Indeferido;SMUL;GTEL;040.152
040.152.0012-8;2017-0.015.239-0;19869-17;Alvará de Licença para Residências Unifamiliares;Indeferido;SMUL;GTEL;040.152
040.152.0012-8;2017-0.015.239-0;2093-17;Alvará de Licença para Residências Unifamiliares;Indeferido;SMUL;GTEL;040.152
040.152.0012-8;2017-0.015.239-0;19869-17;Alvará de Licença para Residências Unifamiliares;Indeferido;SMUL;GTEL;040.152
043.033.0014-4;2016-0.273.429-8;12111-17;Alvará de Aprovação de Edificação Nova;Indeferido;SMPR;Prefeitura Regional Ipiranga;043.033
043.033.0014-4;2016-0.273.429-8;12111-17;Alvará de Aprovação de Edificação Nova;Indeferido;SMPR;Prefeitura Regional Ipiranga;043.033
035.015.0067-1;2018-0.037.500-6;35089-18;Alvará de Aprovação de Reforma;Indeferido - Encerrado;SMPR;Prefeitura Regional Ipiranga;035.015
035.015.0067-1;2018-0.037.500-6;29630-18;Alvará de Aprovação de Reforma;Indeferido;SMPR;Prefeitura Regional Ipiranga;035.015
035.015.0067-1;2018-0.037.500-6;9049-18;Alvará de Aprovação de Reforma;Indeferido;SMPR;Prefeitura Regional Ipiranga;035.015
035.015.0067-1;2018-0.042.741-3;10691-18;Alvará de Execução de Reforma;Indeferido - Encerrado;SMPR;Prefeitura Regional Ipiranga;035.015
035.015.0067-1;2018-0.042.741-3;10691-18;Alvará de Execução de Reforma;Indeferido - Encerrado;SMPR;Prefeitura Regional Ipiranga;035.015
035.015.0067-1;2018-0.037.500-6;35089-18;Alvará de Aprovação de Reforma;Indeferido - Encerrado;SMPR;Prefeitura Regional Ipiranga;035.015
035.015.0067-1;2018-0.037.500-6;9049-18;Alvará de Aprovação de Reforma;Indeferido;SMPR;Prefeitura Regional Ipiranga;035.015
035.015.0067-1;2018-0.037.500-6;29630-18;Alvará de Aprovação de Reforma;Indeferido;SMPR;Prefeitura Regional Ipiranga;035.015
035.046.0023-3;2018-0.060.619-9;16189-18;Alvará de Autorização de Implantação e/ou Utilização de Estande de Vendas;Deferido - Encerrado;SMPR;Prefeitura Regional Ipiranga;035.046
035.046.0080-2;2018-0.105.208-1;32784-18;Alvará de Aprovação de Reforma;Indeferido - Encerrado;SMPR;Prefeitura Regional Ipiranga;035.046
035.046.0080-2;2018-0.107.057-8;33453-18;Alvará de Execução de Reforma;Indeferido - Encerrado;SMPR;Prefeitura Regional Ipiranga;035.046
035.046.0080-2;2018-0.105.208-1;32784-18;Alvará de Aprovação de Reforma;Indeferido - Encerrado;SMPR;Prefeitura Regional Ipiranga;035.046
035.046.0080-2;2018-0.107.057-8;33453-18;Alvará de Execução de Reforma;Indeferido - Encerrado;SMPR;Prefeitura Regional Ipiranga;035.046
035.065.0007-4;2018-0.115.948-0;35944-18;Alvará de Execução de Demolição;Indeferido - Encerrado;SMPR;Prefeitura Regional Ipiranga;035.065
035.065.0007-4;2018-0.081.037-3;24955-18;Alvará de Aprovação de Reforma;Indeferido;SMPR;Prefeitura Regional Ipiranga;035.065
035.065.0007-4;2018-0.115.948-0;35944-18;Alvará de Execução de Demolição;Indeferido - Encerrado;SMPR;Prefeitura Regional Ipiranga;035.065
035.065.0007-4;2018-0.081.037-3;24955-18;Alvará de Aprovação de Reforma;Indeferido;SMPR;Prefeitura Regional Ipiranga;035.065
035.065.0008-2;2018-0.115.950-1;35952-18;Alvará de Execução de Demolição;Indeferido - Encerrado;SMPR;Prefeitura Regional Ipiranga;035.065
035.065.0008-2;2018-0.115.950-1;35952-18;Alvará de Execução de Demolição;Indeferido - Encerrado;SMPR;Prefeitura Regional Ipiranga;035.065
035.077.0030-1;2018-0.035.251-0;9293-18;Alvará de Aprovação e Execução para Residência Unifamiliar;Indeferido;SMUL;GTEL;035.077
035.077.0030-1;2018-0.035.251-0;9293-18;Alvará de Aprovação e Execução para Residência Unifamiliar;Indeferido;SMUL;GTEL;035.077
040.005.0114-3;2017-0.183.661-7;27383-18;Alvará de Aprovação de Reforma;Indeferido - Encerrado;SMPR;Prefeitura Regional Ipiranga;040.005
040.005.0114-3;2017-0.183.661-7;27383-18;Alvará de Aprovação de Reforma;Indeferido - Encerrado;SMPR;Prefeitura Regional Ipiranga;040.005
040.019.0018-1;2018-0.065.109-7;18906-18;Alvará de Aprovação e Execução para Residência Unifamiliar;Deferido - Encerrado;SMUL;GTEL;040.019
040.019.0018-1;2018-0.065.109-7;18906-18;Alvará de Aprovação e Execução para Residência Unifamiliar;Deferido - Encerrado;SMUL;GTEL;040.019
040.020.0008-7;2018-0.054.460-6;15732-18;Alvará de Aprovação e Execução para Residência Unifamiliar;Indeferido - Encerrado;SMUL;GTEL;040.020
040.020.0008-7;2018-0.054.460-6;15732-18;Alvará de Aprovação e Execução para Residência Unifamiliar;Indeferido - Encerrado;SMUL;GTEL;040.020
040.023.0073-0;2017-0.149.241-1;16161-18;Alvará de Aprovação e Execução para Residência Unifamiliar;Deferido - Encerrado;SMUL;GTEL;040.023
040.023.0073-0;2017-0.149.241-1;16161-18;Alvará de Aprovação e Execução para Residência Unifamiliar;Deferido - Encerrado;SMUL;GTEL;040.023
040.034.0014-3;2018-0.048.485-9;40195-18;Certificado de Conclusão;Cancelado;;;040.034
040.034.0014-3;2018-0.048.485-9;13721-18;Certificado de Conclusão;Indeferido;SMPR;Prefeitura Regional Ipiranga;040.034
040.035.0018-0;2013-0.310.028-9;30408-18;Alvará de Aprovação de Reforma;Indeferido - Encerrado;SMPR;Prefeitura Regional Ipiranga;040.035
040.035.0018-0;2013-0.310.028-9;30408-18;Alvará de Aprovação de Reforma;Indeferido - Encerrado;SMPR;Prefeitura Regional Ipiranga;040.035
040.051.0006-6;2018-0.024.754-7;5747-18;Alvará de Execução de Reforma;Deferido - Encerrado;SMPR;Prefeitura Regional Ipiranga;040.051
040.051.0006-6;2018-0.020.507-0;4320-18;Alvará de Aprovação de Reforma;Deferido - Encerrado;SMPR;Prefeitura Regional Ipiranga;040.051
040.051.0006-6;2018-0.020.507-0;4320-18;Alvará de Aprovação de Reforma;Deferido - Encerrado;SMPR;Prefeitura Regional Ipiranga;040.051
040.051.0006-6;2018-0.024.754-7;5747-18;Alvará de Execução de Reforma;Deferido - Encerrado;SMPR;Prefeitura Regional Ipiranga;040.051
040.083.0036-8;2018-0.115.944-7;35853-18;Alvará de Aprovação e Execução para Residência Unifamiliar;Deferido - Encerrado;SMUL;GTEL;040.083
040.083.0036-8;2018-0.115.944-7;35853-18;Alvará de Aprovação e Execução para Residência Unifamiliar;Deferido - Encerrado;SMUL;GTEL;040.083
040.084.0051-6;2018-0.056.072-5;14181-18;Alvará de Aprovação de Reforma;Deferido - Encerrado;SMPR;Prefeitura Regional Ipiranga;040.084
040.084.0051-6;2018-0.059.631-2;16886-18;Alvará de Execução de Reforma;Deferido - Encerrado;SMPR;Prefeitura Regional Ipiranga;040.084
040.084.0051-6;2018-0.059.631-2;16886-18;Alvará de Execução de Reforma;Deferido - Encerrado;SMPR;Prefeitura Regional Ipiranga;040.084
040.129.0042-0;2016-0.247.010-0;27570-18;Alvará de Licença para Residências Unifamiliares;Cancelado;;;040.129
040.152.0012-8;2017-0.015.239-0;12467-18;Alvará de Licença para Residências Unifamiliares;Deferido - Encerrado;SMUL;GTEL;040.152
040.152.0012-8;2017-0.015.239-0;12467-18;Alvará de Licença para Residências Unifamiliares;Deferido - Encerrado;SMUL;GTEL;040.152
040.211.0003-2;2018-0.075.584-4;23391-18;Alvará de Execução de Reforma;Deferido - Encerrado;SMPR;Prefeitura Regional Ipiranga;040.211
040.211.0003-2;2018-0.042.986-6;10464-18;Alvará de Aprovação de Reforma;Indeferido;SMPR;Prefeitura Regional Ipiranga;040.211
040.211.0003-2;2018-0.080.000-9;24695-18;Alvará de Desmembramento de Lote;Deferido - Encerrado;SMPR;Prefeitura Regional Ipiranga;040.211
040.211.0003-2;2018-0.075.584-4;23391-18;Alvará de Execução de Reforma;Deferido - Encerrado;SMPR;Prefeitura Regional Ipiranga;040.211
040.211.0003-2;2018-0.042.986-6;10464-18;Alvará de Aprovação de Reforma;Indeferido;SMPR;Prefeitura Regional Ipiranga;040.211
040.211.0003-2;2018-0.080.000-9;24695-18;Alvará de Desmembramento de Lote;Deferido - Encerrado;SMPR;Prefeitura Regional Ipiranga;040.211
040.211.0039-3;2018-0.075.584-4;23391-18;Alvará de Execução de Reforma;Deferido - Encerrado;SMPR;Prefeitura Regional Ipiranga;040.211
040.211.0039-3;2018-0.042.986-6;10464-18;Alvará de Aprovação de Reforma;Indeferido;SMPR;Prefeitura Regional Ipiranga;040.211
040.211.0039-3;2018-0.080.000-9;24695-18;Alvará de Desmembramento de Lote;Deferido - Encerrado;SMPR;Prefeitura Regional Ipiranga;040.211
040.211.0039-3;2018-0.075.584-4;23391-18;Alvará de Execução de Reforma;Deferido - Encerrado;SMPR;Prefeitura Regional Ipiranga;040.211
040.211.0039-3;2018-0.042.986-6;10464-18;Alvará de Aprovação de Reforma;Indeferido;SMPR;Prefeitura Regional Ipiranga;040.211
040.211.0039-3;2018-0.080.000-9;24695-18;Alvará de Desmembramento de Lote;Deferido - Encerrado;SMPR;Prefeitura Regional Ipiranga;040.211
040.211.0040-7;2018-0.042.986-6;10464-18;Alvará de Aprovação de Reforma;Indeferido;SMPR;Prefeitura Regional Ipiranga;040.211
040.211.0040-7;2018-0.080.000-9;24695-18;Alvará de Desmembramento de Lote;Deferido - Encerrado;SMPR;Prefeitura Regional Ipiranga;040.211
040.211.0040-7;2018-0.075.584-4;23391-18;Alvará de Execução de Reforma;Deferido - Encerrado;SMPR;Prefeitura Regional Ipiranga;040.211
040.211.0040-7;2018-0.042.986-6;10464-18;Alvará de Aprovação de Reforma;Indeferido;SMPR;Prefeitura Regional Ipiranga;040.211
040.211.0040-7;2018-0.080.000-9;24695-18;Alvará de Desmembramento de Lote;Deferido - Encerrado;SMPR;Prefeitura Regional Ipiranga;040.211
035.015.0013-0;2019-0.034.352-1;16430-19;Alvará de Execução de Demolição;Indeferido - Encerrado;SMPR;Prefeitura Regional Ipiranga;035.015
035.015.0013-0;2019-0.034.352-1;16430-19;Alvará de Execução de Demolição;Indeferido - Encerrado;SMPR;Prefeitura Regional Ipiranga;035.015
035.015.0067-1;2019-0.024.202-4;9023-19;Alvará de Aprovação de Reforma;Indeferido;SMPR;Prefeitura Regional Ipiranga;035.015
035.015.0067-1;2019-0.024.202-4;9023-19;Alvará de Aprovação de Reforma;Indeferido;SMPR;Prefeitura Regional Ipiranga;035.015
035.017.0200-0;2019-0.018.183-1;6923-19;Alvará de Autorização para avanço de Tapume sobre parte do Passeio Público;Deferido - Encerrado;SMPR;Prefeitura Regional Ipiranga;035.017
035.044.0001-3;2019-0.044.695-9;35811-19;Alvará de Aprovação de Edificação Nova;Indeferido - Encerrado;SMPR;Prefeitura Regional Ipiranga;035.044
035.044.0001-3;2019-0.045.140-5;36937-19;Alvará de Execução de Edificação Nova;Indeferido - Encerrado;SMPR;Prefeitura Regional Ipiranga;035.044
035.044.0001-3;2019-0.045.140-5;36937-19;Alvará de Execução de Edificação Nova;Indeferido - Encerrado;SMPR;Prefeitura Regional Ipiranga;035.044
035.044.0001-3;2019-0.044.695-9;35811-19;Alvará de Aprovação de Edificação Nova;Indeferido - Encerrado;SMPR;Prefeitura Regional Ipiranga;035.044
035.044.0002-1;2019-0.044.695-9;35811-19;Alvará de Aprovação de Edificação Nova;Indeferido - Encerrado;SMPR;Prefeitura Regional Ipiranga;035.044
035.044.0002-1;2019-0.045.140-5;36937-19;Alvará de Execução de Edificação Nova;Indeferido - Encerrado;SMPR;Prefeitura Regional Ipiranga;035.044
035.044.0002-1;2019-0.045.140-5;36937-19;Alvará de Execução de Edificação Nova;Indeferido - Encerrado;SMPR;Prefeitura Regional Ipiranga;035.044
035.044.0002-1;2019-0.044.695-9;35811-19;Alvará de Aprovação de Edificação Nova;Indeferido - Encerrado;SMPR;Prefeitura Regional Ipiranga;035.044
035.046.0023-3;2019-0.007.598-5;1860-19;Alvará de Autorização de Implantação e/ou Utilização de Estande de Vendas;Deferido - Encerrado;SMPR;Prefeitura Regional Ipiranga;035.046
035.046.0042-1;2019-0.041.267-1;28983-19;Certificado de Conclusão de Demolição;Deferido - Encerrado;SMPR;Prefeitura Regional Ipiranga;035.046
035.046.0045-4;2019-0.041.210-8;29237-19;Certificado de Conclusão de Demolição;Deferido - Encerrado;SMPR;Prefeitura Regional Ipiranga;035.046
035.046.0047-0;2019-0.041.209-4;29225-19;Certificado de Conclusão de Demolição;Deferido - Encerrado;SMPR;Prefeitura Regional Ipiranga;035.046
035.046.0048-9;2019-0.040.205-6;27449-19;Certificado de Conclusão de Demolição;Deferido - Encerrado;SMPR;Prefeitura Regional Ipiranga;035.046
035.046.0049-7;2019-0.041.266-3;28986-19;Certificado de Conclusão de Demolição;Deferido - Encerrado;SMPR;Prefeitura Regional Ipiranga;035.046
035.077.0030-1;2019-0.044.168-0;34918-19;Alvará de Execução de Demolição;Indeferido - Encerrado;SMPR;Prefeitura Regional Ipiranga;035.077
035.077.0030-1;2019-0.044.168-0;34918-19;Alvará de Execução de Demolição;Indeferido - Encerrado;SMPR;Prefeitura Regional Ipiranga;035.077
040.005.0017-1;2019-0.033.481-6;14619-19;Alvará de Execução de Reforma;Indeferido - Encerrado;SMPR;Prefeitura Regional Ipiranga;040.005
040.005.0017-1;2019-0.032.022-0;13169-19;Alvará de Aprovação de Reforma;Indeferido;SMPR;Prefeitura Regional Ipiranga;040.005
040.005.0017-1;2019-0.033.481-6;14619-19;Alvará de Execução de Reforma;Indeferido - Encerrado;SMPR;Prefeitura Regional Ipiranga;040.005
040.005.0017-1;2019-0.032.022-0;13169-19;Alvará de Aprovação de Reforma;Indeferido;SMPR;Prefeitura Regional Ipiranga;040.005
040.034.0014-3;2019-0.017.374-0;6561-19;Certificado de Conclusão;Deferido - Encerrado;SMPR;Prefeitura Regional Ipiranga;040.034
040.034.0015-1;2019-0.033.662-2;14442-19;Alvará de Execução de Reforma;Deferido - Encerrado;SMPR;Prefeitura Regional Ipiranga;040.034
040.034.0015-1;2019-0.026.858-9;8799-19;Alvará de Aprovação de Reforma;Indeferido;SMPR;Prefeitura Regional Ipiranga;040.034
040.034.0015-1;2019-0.033.662-2;14442-19;Alvará de Execução de Reforma;Deferido - Encerrado;SMPR;Prefeitura Regional Ipiranga;040.034
040.034.0015-1;2019-0.026.858-9;8799-19;Alvará de Aprovação de Reforma;Indeferido;SMPR;Prefeitura Regional Ipiranga;040.034
040.050.0003-7;2020-0.000.105-6;41990-19;Alvará de Execução de Reforma;Em Análise;SMPR;Prefeitura Regional Ipiranga;040.050
040.050.0003-7;2019-0.047.530-4;41442-19;Alvará de Aprovação de Reforma;Indeferido;SMPR;Prefeitura Regional Ipiranga;040.050
040.056.0004-2;2019-0.046.931-2;40492-19;Alvará de Aprovação de Edificação Nova;Deferido - Encerrado;SMPR;Prefeitura Regional Ipiranga;040.056
040.056.0004-2;2019-0.047.548-7;41395-19;Alvará de Execução de Edificação Nova;Deferido - Encerrado;SMPR;Prefeitura Regional Ipiranga;040.056
040.056.0004-2;2019-0.047.549-5;41433-19;Alvará de Remembramento de Lote;Deferido - Encerrado;SMPR;Prefeitura Regional Ipiranga;040.056
040.056.0004-2;2019-0.047.548-7;41395-19;Alvará de Execução de Edificação Nova;Deferido - Encerrado;SMPR;Prefeitura Regional Ipiranga;040.056
040.056.0004-2;2019-0.046.931-2;40492-19;Alvará de Aprovação de Edificação Nova;Deferido - Encerrado;SMPR;Prefeitura Regional Ipiranga;040.056
040.056.0004-2;2019-0.047.549-5;41433-19;Alvará de Remembramento de Lote;Deferido - Encerrado;SMPR;Prefeitura Regional Ipiranga;040.056
040.056.0005-0;2019-0.046.931-2;40492-19;Alvará de Aprovação de Edificação Nova;Deferido - Encerrado;SMPR;Prefeitura Regional Ipiranga;040.056
040.056.0005-0;2019-0.047.548-7;41395-19;Alvará de Execução de Edificação Nova;Deferido - Encerrado;SMPR;Prefeitura Regional Ipiranga;040.056
040.056.0005-0;2019-0.047.549-5;41433-19;Alvará de Remembramento de Lote;Deferido - Encerrado;SMPR;Prefeitura Regional Ipiranga;040.056
040.056.0005-0;2019-0.047.548-7;41395-19;Alvará de Execução de Edificação Nova;Deferido - Encerrado;SMPR;Prefeitura Regional Ipiranga;040.056
040.056.0005-0;2019-0.046.931-2;40492-19;Alvará de Aprovação de Edificação Nova;Deferido - Encerrado;SMPR;Prefeitura Regional Ipiranga;040.056
040.056.0005-0;2019-0.047.549-5;41433-19;Alvará de Remembramento de Lote;Deferido - Encerrado;SMPR;Prefeitura Regional Ipiranga;040.056
040.056.0013-1;2019-0.046.562-7;38966-19;Alvará de Aprovação de Reforma;Indeferido;SMPR;Prefeitura Regional Ipiranga;040.056
040.056.0013-1;2019-0.047.053-1;40316-19;Alvará de Execução de Reforma;Indeferido - Encerrado;SMPR;Prefeitura Regional Ipiranga;040.056
040.056.0013-1;2019-0.047.053-1;40316-19;Alvará de Execução de Reforma;Indeferido - Encerrado;SMPR;Prefeitura Regional Ipiranga;040.056
040.056.0013-1;2019-0.046.562-7;38966-19;Alvará de Aprovação de Reforma;Indeferido;SMPR;Prefeitura Regional Ipiranga;040.056
040.097.0001-7;2015-0.211.397-6;36811-19;Alvará de Execução de Reforma;Indeferido - Encerrado;SMPR;Prefeitura Regional Ipiranga;040.097
040.107.0024-6;2019-0.042.644-3;31886-19;Alvará de Aprovação e Execução para Residência Unifamiliar;Indeferido;SMUL;GTEL;040.107
040.107.0024-6;2019-0.042.644-3;31886-19;Alvará de Aprovação e Execução para Residência Unifamiliar;Indeferido;SMUL;GTEL;040.107
040.211.0003-2;2018-0.042.986-6;5690-19;Alvará de Aprovação de Reforma;Deferido - Encerrado;SMPR;Prefeitura Regional Ipiranga;040.211
040.211.0003-2;2018-0.042.986-6;5690-19;Alvará de Aprovação de Reforma;Deferido - Encerrado;SMPR;Prefeitura Regional Ipiranga;040.211
040.211.0014-8;2019-0.043.536-1;33530-19;Alvará de Execução de Edificação Nova;Indeferido - Encerrado;SMPR;Prefeitura Regional Ipiranga;040.211
040.211.0014-8;2019-0.036.636-0;20803-19;Alvará de Aprovação de Edificação Nova;Indeferido - Encerrado;SMPR;Prefeitura Regional Ipiranga;040.211
040.211.0014-8;2019-0.043.536-1;33530-19;Alvará de Execução de Edificação Nova;Indeferido - Encerrado;SMPR;Prefeitura Regional Ipiranga;040.211
040.211.0014-8;2019-0.036.636-0;20803-19;Alvará de Aprovação de Edificação Nova;Indeferido - Encerrado;SMPR;Prefeitura Regional Ipiranga;040.211
040.211.0019-9;2020-0.000.234-6;42039-19;Alvará de Aprovação de Edificação Nova;Deferido - Encerrado;SMPR;Prefeitura Regional Ipiranga;040.211
040.211.0019-9;2020-0.000.234-6;42039-19;Alvará de Aprovação de Edificação Nova;Deferido - Encerrado;SMPR;Prefeitura Regional Ipiranga;040.211
040.211.0039-3;2018-0.042.986-6;5690-19;Alvará de Aprovação de Reforma;Deferido - Encerrado;SMPR;Prefeitura Regional Ipiranga;040.211
040.211.0039-3;2018-0.042.986-6;5690-19;Alvará de Aprovação de Reforma;Deferido - Encerrado;SMPR;Prefeitura Regional Ipiranga;040.211
040.211.0040-7;2018-0.042.986-6;5690-19;Alvará de Aprovação de Reforma;Deferido - Encerrado;SMPR;Prefeitura Regional Ipiranga;040.211
040.211.0040-7;2018-0.042.986-6;5690-19;Alvará de Aprovação de Reforma;Deferido - Encerrado;SMPR;Prefeitura Regional Ipiranga;040.211
043.033.0014-4;2016-0.273.429-8;22925-19;Alvará de Aprovação de Edificação Nova;Indeferido - Encerrado;SMPR;Prefeitura Regional Ipiranga;043.033
043.033.0014-4;2016-0.273.429-8;22925-19;Alvará de Aprovação de Edificação Nova;Indeferido - Encerrado;SMPR;Prefeitura Regional Ipiranga;043.033
035.015.0013-0;2020-0.005.028-6;11789-20;Alvará de Execução de Reforma;Em Análise;SMPR;Prefeitura Regional Ipiranga;035.015
035.015.0013-0;2020-0.004.876-1;10535-20;Alvará de Aprovação de Reforma;Indeferido;SMPR;Prefeitura Regional Ipiranga;035.015
035.015.0013-0;2020-0.004.876-1;10535-20;Alvará de Aprovação de Reforma;Indeferido;SMPR;Prefeitura Regional Ipiranga;035.015
035.046.0046-2;2020-0.006.314-0;15552-20;Certificado de Conclusão de Demolição;Deferido - Encerrado;SMPR;Prefeitura Regional Ipiranga;035.046
035.062.0003-8;2020-0.000.809-3;1592-20;Alvará de Aprovação de Reforma;Indeferido;SMPR;Prefeitura Regional Ipiranga;035.062
035.062.0003-8;2020-0.001.636-3;3257-20;Alvará de Execução de Reforma;Em Comunique-se;SMPR;Prefeitura Regional Ipiranga;035.062
035.062.0003-8;2020-0.001.636-3;3257-20;Alvará de Execução de Reforma;Em Comunique-se;SMPR;Prefeitura Regional Ipiranga;035.062
035.065.0007-4;2018-0.081.037-3;899-20;Alvará de Aprovação de Reforma;Cancelado;;;035.065
035.065.0023-6;2020-0.008.560-8;21352-20;Alvará de Aprovação de Reforma;Indeferido;SMPR;Prefeitura Regional Ipiranga;035.065
035.065.0023-6;2020-0.008.560-8;21352-20;Alvará de Aprovação de Reforma;Indeferido;SMPR;Prefeitura Regional Ipiranga;035.065
035.077.0030-1;2020-0.001.350-0;2397-20;Alvará de Execução de Demolição;Deferido - Encerrado;SMPR;Prefeitura Regional Ipiranga;035.077
035.077.0030-1;2020-0.001.350-0;2397-20;Alvará de Execução de Demolição;Deferido - Encerrado;SMPR;Prefeitura Regional Ipiranga;035.077
040.005.0017-1;2019-0.032.022-0;9764-20;Alvará de Aprovação de Reforma;Indeferido - Encerrado;SMPR;Prefeitura Regional Ipiranga;040.005
040.005.0017-1;2019-0.032.022-0;9764-20;Alvará de Aprovação de Reforma;Indeferido - Encerrado;SMPR;Prefeitura Regional Ipiranga;040.005
040.020.0011-7;2020-0.009.724-0;24054-20;Alvará de Aprovação e Execução para Residência Unifamiliar;Indeferido;SMUL;GTEL;040.020
040.020.0011-7;2020-0.009.724-0;24054-20;Alvará de Aprovação e Execução para Residência Unifamiliar;Indeferido;SMUL;GTEL;040.020
040.034.0015-1;2019-0.026.858-9;25296-20;Alvará de Aprovação de Reforma;Deferido - Encerrado;SMPR;Prefeitura Regional Ipiranga;040.034
040.034.0015-1;2019-0.026.858-9;25296-20;Alvará de Aprovação de Reforma;Deferido - Encerrado;SMPR;Prefeitura Regional Ipiranga;040.034
040.036.0001-0;2020-0.011.403-9;26689-20;Alvará de Autorização para avanço de Tapume sobre parte do Passeio Público;Deferido - Encerrado;SMPR;Prefeitura Regional Ipiranga;040.036
040.051.0004-1;2020-0.001.731-9;1681-20;Alvará de Aprovação de Reforma;Deferido - Encerrado;SMPR;Prefeitura Regional Ipiranga;040.051
040.051.0004-1;2020-0.003.526-0;7869-20;Alvará de Execução de Reforma;Deferido - Encerrado;SMPR;Prefeitura Regional Ipiranga;040.051
040.056.0013-1;2019-0.046.562-7;17607-20;Alvará de Aprovação de Reforma;Indeferido - Encerrado;SMPR;Prefeitura Regional Ipiranga;040.056
040.056.0013-1;2020-0.012.998-2;32613-20;Alvará de Aprovação de Reforma;Indeferido;SMPR;Prefeitura Regional Ipiranga;040.056
040.056.0013-1;2020-0.013.769-1;35584-20;Alvará de Execução de Reforma;Deferido - Encerrado;SMPR;Prefeitura Regional Ipiranga;040.056
040.056.0013-1;2020-0.012.998-2;32613-20;Alvará de Aprovação de Reforma;Indeferido;SMPR;Prefeitura Regional Ipiranga;040.056
040.056.0013-1;2020-0.013.769-1;35584-20;Alvará de Execução de Reforma;Deferido - Encerrado;SMPR;Prefeitura Regional Ipiranga;040.056
040.056.0013-1;2019-0.046.562-7;17607-20;Alvará de Aprovação de Reforma;Indeferido - Encerrado;SMPR;Prefeitura Regional Ipiranga;040.056
040.096.0031-4;2020-0.000.721-6;1200-20;Alvará de Autorização para avanço de Tapume sobre parte do Passeio Público;Deferido - Encerrado;SMPR;Prefeitura Regional Ipiranga;040.096
040.107.0024-6;2019-0.042.644-3;728-20;Alvará de Aprovação e Execução para Residência Unifamiliar;Cancelado;;;040.107
040.107.0024-6;2020-0.001.810-2;2571-20;Alvará de Aprovação de Reforma;Indeferido - Encerrado;SMPR;Prefeitura Regional Ipiranga;040.107
040.107.0024-6;2020-0.001.810-2;2571-20;Alvará de Aprovação de Reforma;Indeferido - Encerrado;SMPR;Prefeitura Regional Ipiranga;040.107
040.127.0070-7;2020-0.013.668-7;35288-20;Alvará de Execução de Demolição;Deferido - Encerrado;SMPR;Prefeitura Regional Ipiranga;040.127
040.127.0070-7;2020-0.013.668-7;35288-20;Alvará de Execução de Demolição;Deferido - Encerrado;SMPR;Prefeitura Regional Ipiranga;040.127
040.127.0071-5;2020-0.013.668-7;35288-20;Alvará de Execução de Demolição;Deferido - Encerrado;SMPR;Prefeitura Regional Ipiranga;040.127
040.127.0071-5;2020-0.013.668-7;35288-20;Alvará de Execução de Demolição;Deferido - Encerrado;SMPR;Prefeitura Regional Ipiranga;040.127
040.127.0072-3;2020-0.013.668-7;35288-20;Alvará de Execução de Demolição;Deferido - Encerrado;SMPR;Prefeitura Regional Ipiranga;040.127
040.127.0072-3;2020-0.013.668-7;35288-20;Alvará de Execução de Demolição;Deferido - Encerrado;SMPR;Prefeitura Regional Ipiranga;040.127
040.127.0073-1;2020-0.013.668-7;35288-20;Alvará de Execução de Demolição;Deferido - Encerrado;SMPR;Prefeitura Regional Ipiranga;040.127
040.127.0073-1;2020-0.013.668-7;35288-20;Alvará de Execução de Demolição;Deferido - Encerrado;SMPR;Prefeitura Regional Ipiranga;040.127
040.127.0074-1;2020-0.013.668-7;35288-20;Alvará de Execução de Demolição;Deferido - Encerrado;SMPR;Prefeitura Regional Ipiranga;040.127
040.127.0074-1;2020-0.013.668-7;35288-20;Alvará de Execução de Demolição;Deferido - Encerrado;SMPR;Prefeitura Regional Ipiranga;040.127
040.127.0075-8;2020-0.013.668-7;35288-20;Alvará de Execução de Demolição;Deferido - Encerrado;SMPR;Prefeitura Regional Ipiranga;040.127
040.127.0075-8;2020-0.013.668-7;35288-20;Alvará de Execução de Demolição;Deferido - Encerrado;SMPR;Prefeitura Regional Ipiranga;040.127
040.194.0022-9;2020-0.003.291-1;6701-20;Alvará de Aprovação e Execução para Residência Unifamiliar;Indeferido;SMUL;GTEL;040.194
040.194.0022-9;2020-0.003.291-1;11356-20;Alvará de Aprovação e Execução para Residência Unifamiliar;Deferido - Encerrado;SMUL;GTEL;040.194
040.194.0022-9;2020-0.003.291-1;6701-20;Alvará de Aprovação e Execução para Residência Unifamiliar;Indeferido;SMUL;GTEL;040.194
040.194.0022-9;2020-0.003.291-1;11356-20;Alvará de Aprovação e Execução para Residência Unifamiliar;Deferido - Encerrado;SMUL;GTEL;040.194
040.211.0019-9;2020-0.011.463-2;39491-20;Alvará de Aprovação de Edificação Nova;Deferido - Encerrado;SMPR;Prefeitura Regional Ipiranga;040.211
040.211.0019-9;2020-0.000.723-2;1147-20;Alvará de Execução de Edificação Nova;Deferido - Encerrado;SMPR;Prefeitura Regional Ipiranga;040.211
040.211.0019-9;2020-0.011.463-2;27677-20;Alvará de Aprovação de Edificação Nova;Indeferido;SMPR;Prefeitura Regional Ipiranga;040.211
040.211.0019-9;2020-0.000.718-6;149-20;Alvará de Desmembramento de Lote;Deferido - Encerrado;SMPR;Prefeitura Regional Ipiranga;040.211
040.211.0019-9;2020-0.000.723-2;1147-20;Alvará de Execução de Edificação Nova;Deferido - Encerrado;SMPR;Prefeitura Regional Ipiranga;040.211
040.211.0019-9;2020-0.011.463-2;27677-20;Alvará de Aprovação de Edificação Nova;Indeferido;SMPR;Prefeitura Regional Ipiranga;040.211
040.211.0019-9;2020-0.011.463-2;39491-20;Alvará de Aprovação de Edificação Nova;Deferido - Encerrado;SMPR;Prefeitura Regional Ipiranga;040.211
040.211.0019-9;2020-0.000.718-6;149-20;Alvará de Desmembramento de Lote;Deferido - Encerrado;SMPR;Prefeitura Regional Ipiranga;040.211
043.033.0007-1;2020-0.013.170-7;33719-20;Alvará de Execução de Reforma;Deferido - Encerrado;SMPR;Prefeitura Regional Ipiranga;043.033
043.033.0007-1;2020-0.012.631-2;32255-20;Alvará de Aprovação de Reforma;Deferido - Encerrado;SMPR;Prefeitura Regional Ipiranga;043.033
043.033.0007-1;2020-0.012.631-2;32255-20;Alvará de Aprovação de Reforma;Deferido - Encerrado;SMPR;Prefeitura Regional Ipiranga;043.033
035.029.0075-2;2021-0.007.874-3;28952-21;Alvará de Aprovação e Execução para Residência Unifamiliar;Indeferido - Encerrado;SMUL;GTEL;035.029
035.029.0075-2;2021-0.007.874-3;28952-21;Alvará de Aprovação e Execução para Residência Unifamiliar;Indeferido - Encerrado;SMUL;GTEL;035.029
035.044.0001-3;2021-0.000.574-6;983-21;Alvará de Autorização para avanço de Tapume sobre parte do Passeio Público;Deferido - Encerrado;SMPR;Prefeitura Regional Ipiranga;035.044
035.044.0001-3;2021-0.000.579-7;1052-21;Alvará de Execução de Demolição;Indeferido - Encerrado;SMUL;COMIN-GTEA;035.044
035.044.0001-3;2021-0.002.537-2;6276-21;Alvará de Autorização de Implantação e/ou Utilização de Estande de Vendas;Deferido - Encerrado;SMUL;Processo Eletrônico;035.044
035.044.0001-3;2021-0.003.304-9;8401-21;Alvará de Autorização de Implantação e/ou Utilização de Estande de Vendas;Deferido - Encerrado;SMUL;COMIN-GTEA;035.044
035.044.0001-3;2021-0.003.309-0;9357-21;Alvará de Autorização de Implantação e/ou Utilização de Estande de Vendas;Deferido - Encerrado;SMUL;COMIN-GTEA;035.044
035.044.0001-3;2021-0.000.672-6;1448-21;Alvará de Autorização de Implantação e/ou Utilização de Estande de Vendas;Deferido - Encerrado;SMPR;Prefeitura Regional Sé;035.044
035.044.0001-3;2021-0.004.368-0;12109-21;Alvará de Autorização de Implantação e/ou Utilização de Estande de Vendas;Deferido - Encerrado;SMUL;COMIN-GTEA;035.044
035.044.0001-3;2021-0.004.319-2;13994-21;Alvará de Autorização de Implantação e/ou Utilização de Estande de Vendas;Deferido - Encerrado;SMUL;COMIN-GTEA;035.044
035.044.0001-3;2021-0.000.579-7;1052-21;Alvará de Execução de Demolição;Indeferido - Encerrado;SMUL;COMIN-GTEA;035.044
035.044.0002-1;2021-0.000.574-6;983-21;Alvará de Autorização para avanço de Tapume sobre parte do Passeio Público;Deferido - Encerrado;SMPR;Prefeitura Regional Ipiranga;035.044
035.044.0002-1;2021-0.000.579-7;1052-21;Alvará de Execução de Demolição;Indeferido - Encerrado;SMUL;COMIN-GTEA;035.044
035.044.0002-1;2021-0.002.537-2;6276-21;Alvará de Autorização de Implantação e/ou Utilização de Estande de Vendas;Deferido - Encerrado;SMUL;Processo Eletrônico;035.044
035.044.0002-1;2021-0.003.304-9;8401-21;Alvará de Autorização de Implantação e/ou Utilização de Estande de Vendas;Deferido - Encerrado;SMUL;COMIN-GTEA;035.044
035.044.0002-1;2021-0.003.309-0;9357-21;Alvará de Autorização de Implantação e/ou Utilização de Estande de Vendas;Deferido - Encerrado;SMUL;COMIN-GTEA;035.044
035.044.0002-1;2021-0.000.672-6;1448-21;Alvará de Autorização de Implantação e/ou Utilização de Estande de Vendas;Deferido - Encerrado;SMPR;Prefeitura Regional Sé;035.044
035.044.0002-1;2021-0.004.368-0;12109-21;Alvará de Autorização de Implantação e/ou Utilização de Estande de Vendas;Deferido - Encerrado;SMUL;COMIN-GTEA;035.044
035.044.0002-1;2021-0.004.319-2;13994-21;Alvará de Autorização de Implantação e/ou Utilização de Estande de Vendas;Deferido - Encerrado;SMUL;COMIN-GTEA;035.044
035.044.0002-1;2021-0.000.579-7;1052-21;Alvará de Execução de Demolição;Indeferido - Encerrado;SMUL;COMIN-GTEA;035.044
035.065.0023-6;2020-0.008.560-8;12944-21;Alvará de Aprovação de Reforma;Indeferido - Encerrado;SMPR;Prefeitura Regional Ipiranga;035.065
035.065.0023-6;2020-0.008.560-8;12944-21;Alvará de Aprovação de Reforma;Indeferido - Encerrado;SMPR;Prefeitura Regional Ipiranga;035.065
035.077.0030-1;2021-0.000.988-1;2460-21;Alvará de Aprovação e Execução para Residência Unifamiliar;Indeferido;SMUL;GTEL;035.077
035.077.0030-1;2021-0.000.988-1;19965-21;Alvará de Aprovação e Execução para Residência Unifamiliar;Indeferido - Encerrado;SMUL;GTEL;035.077
035.077.0030-1;2021-0.000.988-1;2460-21;Alvará de Aprovação e Execução para Residência Unifamiliar;Indeferido;SMUL;GTEL;035.077
035.077.0030-1;2021-0.000.988-1;19965-21;Alvará de Aprovação e Execução para Residência Unifamiliar;Indeferido - Encerrado;SMUL;GTEL;035.077
040.020.0011-7;2020-0.009.724-0;40188-21;Alvará de Aprovação e Execução para Residência Unifamiliar;Em Análise;SMUL;GTEL;040.020
040.020.0011-7;2020-0.009.724-0;40188-21;Alvará de Aprovação e Execução para Residência Unifamiliar;Em Análise;SMUL;GTEL;040.020
040.034.0028-3;2022-0.005.382-3;39392-21;Alvará de Aprovação e Execução para Residência Unifamiliar;Indeferido;SMUL;GTEL;040.034
040.034.0028-3;2022-0.005.382-3;39392-21;Alvará de Aprovação e Execução para Residência Unifamiliar;Indeferido;SMUL;GTEL;040.034
040.050.0003-7;2019-0.047.530-4;32718-21;Alvará de Aprovação de Reforma;Cancelado;;;040.050
040.056.0010-7;2021-0.007.336-9;27121-21;Alvará de Aprovação e Execução para Residência Unifamiliar;Indeferido;SMUL;GTEL;040.056
040.056.0010-7;2021-0.007.336-9;40055-21;Alvará de Aprovação e Execução para Residência Unifamiliar;Deferido - Encerrado;SMUL;GTEL;040.056
040.056.0010-7;2021-0.007.336-9;40055-21;Alvará de Aprovação e Execução para Residência Unifamiliar;Deferido - Encerrado;SMUL;GTEL;040.056
040.056.0010-7;2021-0.007.336-9;27121-21;Alvará de Aprovação e Execução para Residência Unifamiliar;Indeferido;SMUL;GTEL;040.056
040.056.0013-1;2020-0.012.998-2;14568-21;Alvará de Aprovação de Reforma;Deferido - Encerrado;SMPR;Prefeitura Regional Ipiranga;040.056
040.056.0013-1;2020-0.012.998-2;14568-21;Alvará de Aprovação de Reforma;Deferido - Encerrado;SMPR;Prefeitura Regional Ipiranga;040.056
040.095.0028-1;2021-0.002.016-8;5105-21;Certificado de Conclusão de Demolição;Deferido - Encerrado;SMPR;Prefeitura Regional Ipiranga;040.095
040.105.0030-1;2021-0.009.792-6;34837-21;Alvará de Autorização para avanço de Tapume sobre parte do Passeio Público;Deferido - Encerrado;SMUL;COMIN-GTEA;040.105
040.141.0047-2;2021-0.001.264-5;3252-21;Alvará de Autorização para avanço de Tapume sobre parte do Passeio Público;Deferido - Encerrado;SMPR;Prefeitura Regional Ipiranga;040.141
040.141.0047-2;2021-0.001.732-9;4339-21;Alvará de Aprovação de Reforma;Em Análise;SMUL;COMIN-GTEA;040.141
040.141.0047-2;2021-0.002.151-2;5348-21;Alvará de Execução de Reforma;Em Análise;SMUL;COMIN-GTEA;040.141
040.141.0047-2;2021-0.001.732-9;4339-21;Alvará de Aprovação de Reforma;Em Análise;SMUL;COMIN-GTEA;040.141
040.199.0007-8;2021-0.004.739-2;14967-21;Alvará de Aprovação e Execução para Residência Unifamiliar;Indeferido - Encerrado;SMUL;GTEL;040.199
040.199.0007-8;2021-0.004.739-2;14967-21;Alvará de Aprovação e Execução para Residência Unifamiliar;Indeferido - Encerrado;SMUL;GTEL;040.199
040.211.0019-9;2021-0.007.479-9;28111-21;Certificado de Conclusão;Deferido - Encerrado;SMUL;COMIN-GTEA;040.211
035.015.0013-0;2020-0.004.876-1;13286-22;Alvará de Aprovação de Reforma;Em Análise;SMPR;Prefeitura Regional Ipiranga;035.015
035.015.0013-0;2020-0.004.876-1;13286-22;Alvará de Aprovação de Reforma;Em Análise;SMPR;Prefeitura Regional Ipiranga;035.015
035.017.0061-1;2022-0.027.401-3;14843-22;Alvará de Execução de Demolição;Deferido - Encerrado;SMUL;COMIN-GTEA;035.017
035.017.0061-1;2022-0.027.401-3;14843-22;Alvará de Execução de Demolição;Deferido - Encerrado;SMUL;COMIN-GTEA;035.017
035.017.0097-0;2022-0.027.401-3;14843-22;Alvará de Execução de Demolição;Deferido - Encerrado;SMUL;COMIN-GTEA;035.017
035.029.0075-2;2022-0.019.507-5;5634-22;Alvará de Aprovação e Execução para Residência Unifamiliar;Indeferido - Encerrado;SMUL;GTEL;035.029
035.029.0075-2;2022-0.019.507-5;5634-22;Alvará de Aprovação e Execução para Residência Unifamiliar;Indeferido - Encerrado;SMUL;GTEL;035.029
035.044.0225-3;2022-0.026.643-6;13070-22;Alvará de Autorização de Implantação e/ou Utilização de Estande de Vendas;Deferido - Encerrado;SMUL;COMIN-GTEA;035.044
035.044.0225-3;2022-0.027.421-8;14822-22;Alvará de Autorização de Implantação e/ou Utilização de Estande de Vendas;Deferido - Encerrado;SMUL;COMIN-GTEA;035.044
035.044.0225-3;2022-0.027.831-0;16617-22;Alvará de Autorização de Implantação e/ou Utilização de Estande de Vendas;Deferido - Encerrado;SMUL;COMIN-GTEA;035.044
035.044.0225-3;2022-0.027.825-6;16658-22;Alvará de Autorização de Implantação e/ou Utilização de Estande de Vendas;Deferido - Encerrado;SMUL;COMIN-GTEA;035.044
035.044.0225-3;2022-0.030.431-1;23789-22;Alvará de Autorização de Implantação e/ou Utilização de Estande de Vendas;Deferido - Encerrado;SMUL;COMIN-GTEA;035.044
035.044.0225-3;2022-0.030.770-1;24009-22;Alvará de Autorização de Implantação e/ou Utilização de Estande de Vendas;Deferido - Encerrado;SMUL;COMIN-GTEA;035.044
035.044.0225-3;2022-0.034.245-0;33120-22;Alvará de Autorização de Implantação e/ou Utilização de Estande de Vendas;Deferido - Encerrado;SMUL;COMIN-GTEA;035.044
035.044.0225-3;2022-0.034.548-4;33725-22;Alvará de Autorização de Implantação e/ou Utilização de Estande de Vendas;Deferido - Encerrado;SMUL;COMIN-GTEA;035.044
035.044.0225-3;2022-0.034.574-3;33786-22;Alvará de Autorização de Implantação e/ou Utilização de Estande de Vendas;Deferido - Encerrado;SMUL;COMIN-GTEA;035.044
035.044.0225-3;2022-0.035.042-9;35209-22;Alvará de Autorização de Implantação e/ou Utilização de Estande de Vendas;Deferido - Encerrado;SMUL;COMIN-GTEA;035.044
035.044.0225-3;2022-0.031.829-0;26829-22;Alvará de Autorização de Implantação e/ou Utilização de Estande de Vendas;Deferido - Encerrado;SMUL;COMIN-GTEA;035.044
035.044.0225-3;2022-0.032.673-0;28949-22;Alvará de Autorização de Implantação e/ou Utilização de Estande de Vendas;Deferido - Encerrado;SMUL;COMIN-GTEA;035.044
035.044.0225-3;2022-0.032.675-7;28978-22;Alvará de Autorização de Implantação e/ou Utilização de Estande de Vendas;Deferido - Encerrado;SMUL;COMIN-GTEA;035.044
035.044.0225-3;2022-0.032.682-0;29019-22;Alvará de Autorização de Implantação e/ou Utilização de Estande de Vendas;Deferido - Encerrado;SMUL;COMIN-GTEA;035.044
035.044.0225-3;2022-0.032.683-8;29052-22;Alvará de Autorização de Implantação e/ou Utilização de Estande de Vendas;Deferido - Encerrado;SMUL;COMIN-GTEA;035.044
035.044.0225-3;2022-0.033.196-3;29445-22;Alvará de Autorização de Implantação e/ou Utilização de Estande de Vendas;Deferido - Encerrado;SMUL;COMIN-GTEA;035.044
035.044.0225-3;2022-0.033.497-0;31314-22;Alvará de Autorização de Implantação e/ou Utilização de Estande de Vendas;Deferido - Encerrado;SMUL;COMIN-GTEA;035.044
035.044.0225-3;2022-0.033.753-8;31580-22;Alvará de Autorização de Implantação e/ou Utilização de Estande de Vendas;Deferido - Encerrado;SMUL;COMIN-GTEA;035.044
035.044.0225-3;2022-0.027.107-3;14040-22;Alvará de Autorização de Implantação e/ou Utilização de Estande de Vendas;Deferido - Encerrado;SMUL;COMIN-GTEA;035.044
035.044.0225-3;2022-0.027.842-6;16268-22;Alvará de Autorização de Implantação e/ou Utilização de Estande de Vendas;Deferido - Encerrado;SMUL;COMIN-GTEA;035.044
035.044.0225-3;2022-0.028.411-6;17771-22;Alvará de Autorização de Implantação e/ou Utilização de Estande de Vendas;Deferido - Encerrado;SMUL;COMIN-GTEA;035.044
035.044.0225-3;2022-0.029.995-4;22494-22;Alvará de Autorização de Implantação e/ou Utilização de Estande de Vendas;Deferido - Encerrado;SMUL;COMIN-GTEA;035.044
035.044.0225-3;2022-0.030.775-2;24513-22;Alvará de Autorização de Implantação e/ou Utilização de Estande de Vendas;Deferido - Encerrado;SMUL;COMIN-GTEA;035.044
035.046.0043-8;2022-0.030.106-1;20582-22;Alvará de Execução de Demolição;Em Análise;SMUL;COMIN-GTEA;035.046
035.046.0043-8;2022-0.030.106-1;20582-22;Alvará de Execução de Demolição;Em Análise;SMUL;COMIN-GTEA;035.046
035.062.0003-8;2020-0.000.809-3;27989-22;Alvará de Aprovação de Reforma;Deferido - Encerrado;SMPR;Prefeitura Regional Ipiranga;035.062
035.062.0003-8;2020-0.000.809-3;8266-22;Alvará de Aprovação de Reforma;Indeferido;SMPR;Prefeitura Regional Ipiranga;035.062
035.062.0003-8;2020-0.000.809-3;8266-22;Alvará de Aprovação de Reforma;Indeferido;SMPR;Prefeitura Regional Ipiranga;035.062
035.062.0003-8;2020-0.000.809-3;27989-22;Alvará de Aprovação de Reforma;Deferido - Encerrado;SMPR;Prefeitura Regional Ipiranga;035.062
035.065.0105-4;2022-0.027.829-9;13606-22;Alvará de Autorização para avanço de Tapume sobre parte do Passeio Público;Deferido - Encerrado;SMUL;COMIN-GTEA;035.065
040.034.0028-3;2022-0.005.382-3;32724-22;Alvará de Aprovação e Execução para Residência Unifamiliar;Em Análise;SMUL;GTEL;040.034
040.034.0028-3;2022-0.005.382-3;32724-22;Alvará de Aprovação e Execução para Residência Unifamiliar;Em Análise;SMUL;GTEL;040.034
040.051.0006-6;2022-0.026.686-0;13222-22;Certificado de Conclusão;Deferido - Encerrado;SMUL;COMIN-GTEA;040.051
040.056.0014-1;2022-0.033.754-6;31702-22;Alvará de Autorização para avanço de Tapume sobre parte do Passeio Público;Deferido - Encerrado;SMUL;COMIN-GTEA;040.056
040.056.0014-1;2022-0.026.091-8;12036-22;Alvará de Execução de Demolição;Indeferido;SMUL;COMIN-GTEA;040.056
040.056.0014-1;2022-0.026.091-8;12036-22;Alvará de Execução de Demolição;Indeferido;SMUL;COMIN-GTEA;040.056
040.056.0015-8;2022-0.033.733-3;31700-22;Alvará de Autorização para avanço de Tapume sobre parte do Passeio Público;Deferido - Encerrado;SMUL;COMIN-GTEA;040.056
040.056.0015-8;2022-0.026.086-1;11982-22;Alvará de Execução de Demolição;Em Análise;SMUL;COMIN-GTEA;040.056
040.056.0015-8;2022-0.026.086-1;11982-22;Alvará de Execução de Demolição;Em Análise;SMUL;COMIN-GTEA;040.056
040.074.0014-8;2022-0.024.126-3;10304-22;Alvará de Aprovação e Execução para Residência Unifamiliar;Em Análise;SMUL;GTEL;040.074
040.074.0032-6;2022-0.029.244-5;20607-22;Alvará de Autorização para avanço de Tapume sobre parte do Passeio Público;Deferido - Encerrado;SMUL;COMIN-GTEA;040.074
040.084.0051-6;2022-0.032.990-0;29777-22;Alvará de Autorização para avanço de Tapume sobre parte do Passeio Público;Deferido - Encerrado;SMUL;COMIN-GTEA;040.084
040.085.0010-3;2022-0.026.277-5;11917-22;Alvará de Autorização para avanço de Tapume sobre parte do Passeio Público;Deferido - Encerrado;SMUL;COMIN-GTEA;040.085
040.097.0039-4;2022-0.034.123-3;33177-22;Alvará de Execução de Demolição;Em Análise;SMUL;COMIN-GTEA;040.097
040.097.0039-4;2022-0.034.123-3;33177-22;Alvará de Execução de Demolição;Em Análise;SMUL;COMIN-GTEA;040.097
040.097.0040-8;2022-0.034.123-3;33177-22;Alvará de Execução de Demolição;Em Análise;SMUL;COMIN-GTEA;040.097
040.097.0040-8;2022-0.034.123-3;33177-22;Alvará de Execução de Demolição;Em Análise;SMUL;COMIN-GTEA;040.097
040.125.0058-9;2022-0.019.768-0;8585-22;Alvará de Execução de Demolição;Em Análise;SMUL;COMIN-GTEA;040.125
040.125.0058-9;2022-0.027.118-9;14660-22;Alvará de Autorização para avanço de Tapume sobre parte do Passeio Público;Deferido - Encerrado;SMUL;COMIN-GTEA;040.125
040.125.0058-9;2022-0.019.768-0;8585-22;Alvará de Execução de Demolição;Em Análise;SMUL;COMIN-GTEA;040.125
040.126.0006-0;2022-0.027.337-8;15212-22;Alvará de Aprovação e Execução para Residência Unifamiliar;Em Análise;SMUL;GTEL;040.126
040.126.0006-0;2022-0.027.337-8;15212-22;Alvará de Aprovação e Execução para Residência Unifamiliar;Em Análise;SMUL;GTEL;040.126
040.199.0007-8;2022-0.030.287-4;21539-22;Alvará de Aprovação e Execução para Residência Unifamiliar;Indeferido - Encerrado;SMUL;GTEL;040.199
040.199.0007-8;2022-0.030.287-4;21539-22;Alvará de Aprovação e Execução para Residência Unifamiliar;Indeferido - Encerrado;SMUL;GTEL;040.199
035.017.0097-0;2023-0.001.599-0;4579-23;Alvará de Execução de Demolição;Deferido - Encerrado;SMUL;COMIN-GTEA;035.017
035.017.0097-0;2023-0.001.599-0;4579-23;Alvará de Execução de Demolição;Deferido - Encerrado;SMUL;COMIN-GTEA;035.017
035.029.0035-3;2023-0.003.969-5;11288-23;Alvará de Aprovação e Execução para Residência Unifamiliar;Em Análise;SMUL;GTEL;035.029
035.029.0035-3;2023-0.003.969-5;11288-23;Alvará de Aprovação e Execução para Residência Unifamiliar;Em Análise;SMUL;GTEL;035.029
035.029.0058-2;2023-0.004.646-2;13451-23;Alvará de Aprovação e Execução para Residência Unifamiliar;Em Análise;SMUL;GTEL;035.029
035.029.0058-2;2023-0.004.646-2;13451-23;Alvará de Aprovação e Execução para Residência Unifamiliar;Em Análise;SMUL;GTEL;035.029
035.044.0225-3;2023-0.003.777-3;10934-23;Alvará de Autorização de Implantação e/ou Utilização de Estande de Vendas;Deferido - Encerrado;SMUL;COMIN-GTEA;035.044
035.044.0225-3;2023-0.003.817-6;10953-23;Alvará de Autorização de Implantação e/ou Utilização de Estande de Vendas;Deferido - Encerrado;SMUL;COMIN-GTEA;035.044
035.044.0225-3;2023-0.003.965-2;11402-23;Alvará de Autorização de Implantação e/ou Utilização de Estande de Vendas;Deferido - Encerrado;SMUL;COMIN-GTEA;035.044
035.044.0225-3;2023-0.004.649-7;13545-23;Alvará de Autorização de Implantação e/ou Utilização de Estande de Vendas;Deferido - Encerrado;SMUL;COMIN-GTEA;035.044
035.044.0225-3;2023-0.002.788-3;8067-23;Alvará de Autorização de Implantação e/ou Utilização de Estande de Vendas;Deferido - Encerrado;SMUL;COMIN-GTEA;035.044
035.044.0225-3;2023-0.002.783-2;8079-23;Alvará de Autorização de Implantação e/ou Utilização de Estande de Vendas;Deferido - Encerrado;SMUL;COMIN-GTEA;035.044
035.044.0225-3;2023-0.002.784-0;8097-23;Alvará de Autorização de Implantação e/ou Utilização de Estande de Vendas;Deferido - Encerrado;SMUL;COMIN-GTEA;035.044
035.044.0225-3;2023-0.000.878-1;2648-23;Alvará de Autorização de Implantação e/ou Utilização de Estande de Vendas;Deferido - Encerrado;SMUL;COMIN-GTEA;035.044
035.044.0225-3;2023-0.001.467-6;4284-23;Alvará de Autorização de Implantação e/ou Utilização de Estande de Vendas;Deferido - Encerrado;SMUL;COMIN-GTEA;035.044
035.044.0225-3;2023-0.002.195-8;6216-23;Alvará de Autorização de Implantação e/ou Utilização de Estande de Vendas;Deferido - Encerrado;SMUL;COMIN-GTEA;035.044
035.044.0225-3;2023-0.002.198-2;6240-23;Alvará de Autorização de Implantação e/ou Utilização de Estande de Vendas;Deferido - Encerrado;SMUL;COMIN-GTEA;035.044
035.044.0225-3;2023-0.003.343-3;8783-23;Alvará de Autorização de Implantação e/ou Utilização de Estande de Vendas;Deferido - Encerrado;SMUL;COMIN-GTEA;035.044
035.044.0225-3;2023-0.003.098-1;8868-23;Alvará de Autorização de Implantação e/ou Utilização de Estande de Vendas;Deferido - Encerrado;SMUL;COMIN-GTEA;035.044
040.056.0004-2;2023-0.003.156-2;9335-23;Certificado de Conclusão;Em Análise;SMUL;COMIN-GTEA;040.056
040.056.0005-0;2023-0.003.156-2;9335-23;Certificado de Conclusão;Em Análise;SMUL;COMIN-GTEA;040.056
040.056.0014-1;2022-0.026.091-8;9704-23;Alvará de Execução de Demolição;Em Análise;SMUL;COMIN-GTEA;040.056
040.056.0014-1;2022-0.026.091-8;9704-23;Alvará de Execução de Demolição;Em Análise;SMUL;COMIN-GTEA;040.056
040.106.0026-8;2023-0.002.254-7;6258-23;Alvará de Autorização para avanço de Tapume sobre parte do Passeio Público;Deferido - Encerrado;SMUL;COMIN-GTEA;040.106
040.127.0070-7;2023-0.000.505-7;1651-23;Certificado de Conclusão de Demolição;Deferido - Encerrado;SMUL;COMIN-GTEA;040.127
040.127.0071-5;2023-0.000.505-7;1651-23;Certificado de Conclusão de Demolição;Deferido - Encerrado;SMUL;COMIN-GTEA;040.127
040.127.0072-3;2023-0.000.505-7;1651-23;Certificado de Conclusão de Demolição;Deferido - Encerrado;SMUL;COMIN-GTEA;040.127
040.127.0073-1;2023-0.000.505-7;1651-23;Certificado de Conclusão de Demolição;Deferido - Encerrado;SMUL;COMIN-GTEA;040.127
040.127.0074-1;2023-0.000.505-7;1651-23;Certificado de Conclusão de Demolição;Deferido - Encerrado;SMUL;COMIN-GTEA;040.127
040.127.0075-8;2023-0.000.505-7;1651-23;Certificado de Conclusão de Demolição;Deferido - Encerrado;SMUL;COMIN-GTEA;040.127
